26-11-2025,01-12-2025
id_order,order_number,country_code,description,payment_type,total_amount,total_currency,status,canceled_amount,captured_amount,refunded_amount,consumer_phone_number,consumer_email,"created_at GMT+03:00","updated_at GMT+03:00",order_reference_id,settlement_status,instalments,branch_name,merchant_name
af44d5cc-788b-48d9-8883-95271e95ba54,NCOG7THR2ZLA,SA,"Appointment #500000000",PAY_BY_INSTALMENTS,454,SAR,approved,0,0,0,*********649,cust********mple.com,"2025-11-30 21:49:34","2025-11-30 21:54:23",NCOG7THR2ZLA,,4,,Naqi
5f58d17f-5b88-416c-bc14-f3f14dc79c26,QGUUZR2PRDYQ,SA,"Appointment #500000000",PAY_BY_INSTALMENTS,599,SAR,approved,0,0,0,*********620,cust********mple.com,"2025-11-30 21:08:53","2025-11-30 21:10:40",QGUUZR2PRDYQ,,4,,Naqi
03106d1d-2155-4075-8eda-1dc03b4ce8ae,BYU8PNONRDDF,SA,"Appointment #500000000",PAY_BY_INSTALMENTS,1299,SAR,approved,0,0,0,*********755,cust********mple.com,"2025-11-30 20:38:22","2025-11-30 20:48:53",BYU8PNONRDDF,,6,,Naqi
fdc99f6c-17eb-4247-a678-9ec64c4ee50b,065UCIETPKLA,SA,"Appointment #500000000",PAY_BY_INSTALMENTS,379,SAR,approved,0,0,0,*********004,cust********mple.com,"2025-11-30 19:01:28","2025-11-30 19:03:25",065UCIETPKLA,,4,,Naqi
baae5b70-380e-423e-bb6e-f8855d8096b1,1LB7E5HPH9VR,SA,"Appointment #500000000",PAY_BY_INSTALMENTS,934,SAR,approved,0,0,0,*********330,cust********mple.com,"2025-11-30 18:56:55","2025-11-30 19:01:04",1LB7E5HPH9VR,,6,,Naqi
0ffff8d9-f26f-435e-b42d-bd418af194c4,SSOVFPYRVTKM,SA,"Appointment #500000000",PAY_BY_INSTALMENTS,429,SAR,approved,0,0,0,*********298,cust********mple.com,"2025-11-30 16:28:33","2025-11-30 16:33:27",SSOVFPYRVTKM,,4,,Naqi
8eb4d539-46fb-4486-8ce3-5adfcce953e2,K4U3VRDEA6QN,SA,"Appointment #500000000",PAY_BY_INSTALMENTS,695,SAR,approved,0,0,0,*********811,cust********mple.com,"2025-11-30 16:06:49","2025-11-30 16:07:57",K4U3VRDEA6QN,,4,,Naqi
e6711467-398f-4be4-afa8-a27d0b9d956d,ZFRWDB3JHFNB,SA,"Appointment #500000000",PAY_BY_INSTALMENTS,1299,SAR,approved,0,0,0,*********708,cust********mple.com,"2025-11-29 22:56:41","2025-11-29 23:02:34",ZFRWDB3JHFNB,,6,,Naqi
1aef52b6-c461-42f5-ac26-d968a471963a,0BNLTGCC0XTS,SA,"Appointment #500000000",PAY_BY_INSTALMENTS,1399,SAR,approved,0,0,0,*********555,cust********mple.com,"2025-11-29 22:40:23","2025-11-29 22:43:53",0BNLTGCC0XTS,,6,,Naqi
680a5ff7-9b8d-405a-a3a9-791f830eef82,RUPE31815MGM,SA,"Appointment #500000000",PAY_BY_INSTALMENTS,479,SAR,approved,0,0,0,*********880,cust********mple.com,"2025-11-29 22:38:41","2025-11-29 22:40:03",RUPE31815MGM,,4,,Naqi
8c638a7b-bc46-45c0-b435-af95cbe21761,CCPC5DEOZUOU,SA,"Appointment #500000000",PAY_BY_FINANCE,2098,SAR,approved,0,0,0,*********333,cust********mple.com,"2025-11-29 22:22:26","2025-11-29 22:30:32",CCPC5DEOZUOU,,4,,Naqi
9bc935d9-54b2-463c-919f-f058f3cd06e4,4INHJZMKVGYU,SA,"Appointment #500000000",PAY_BY_INSTALMENTS,695,SAR,approved,0,0,0,*********429,cust********mple.com,"2025-11-29 21:47:30","2025-11-29 21:50:59",4INHJZMKVGYU,,4,,Naqi
f1545703-f0ff-4af8-bd2c-c30c15108f7f,AMIZZSCGD2W1,SA,"Appointment #500000000",PAY_BY_INSTALMENTS,529,SAR,approved,0,0,0,*********817,cust********mple.com,"2025-11-29 21:45:32","2025-11-29 21:47:47",AMIZZSCGD2W1,,2,,Naqi
01375d25-1375-40c2-9b24-42012a3618a8,LFE3PXHGPU9N,SA,"Appointment #500000000",PAY_BY_INSTALMENTS,1348,SAR,approved,0,0,0,*********221,cust********mple.com,"2025-11-29 21:31:39","2025-11-29 21:40:24",LFE3PXHGPU9N,,4,,Naqi
20d5088a-bb9c-4a81-af16-bd9e34076d9e,CONXZBS2CPIQ,SA,"Appointment #500000000",PAY_BY_INSTALMENTS,799,SAR,approved,0,0,0,*********048,cust********mple.com,"2025-11-29 21:30:28","2025-11-29 21:36:59",CONXZBS2CPIQ,,6,,Naqi
83ec9c5a-b9d3-4219-9207-4901d2eef12a,XQMZVZLARC7V,SA,"Appointment #500000000",PAY_BY_INSTALMENTS,799,SAR,approved,0,0,0,*********432,cust********mple.com,"2025-11-29 21:25:18","2025-11-29 21:40:53",XQMZVZLARC7V,,6,,Naqi
0d92f7b1-8d7c-4546-b4ee-cc5c058ce554,VVRVRVKLZNSV,SA,"Appointment #500000000",PAY_BY_INSTALMENTS,1449,SAR,approved,0,0,0,*********855,cust********mple.com,"2025-11-29 21:18:45","2025-11-29 21:22:22",VVRVRVKLZNSV,,6,,Naqi
59121bfb-d5cc-4197-9738-e8c8ee30a457,KD9LNU5CRWVX,SA,"Appointment #500000000",PAY_BY_INSTALMENTS,1099,SAR,approved,0,0,0,*********316,cust********mple.com,"2025-11-29 21:16:37","2025-11-29 21:18:59",KD9LNU5CRWVX,,6,,Naqi
9864f4ef-951b-4a32-87ed-f077847e6e6e,KRFIN9GWYOG4,SA,"Appointment #500000000",PAY_BY_INSTALMENTS,695,SAR,approved,0,0,0,*********773,cust********mple.com,"2025-11-29 21:05:41","2025-11-29 21:10:54",KRFIN9GWYOG4,,4,,Naqi
8091fa34-e093-48cf-88ab-de24b62be2f0,DM7ENQTPLUIK,SA,"Appointment #500000000",PAY_BY_INSTALMENTS,399,SAR,approved,0,0,0,*********265,cust********mple.com,"2025-11-29 20:55:12","2025-11-29 20:57:29",DM7ENQTPLUIK,,4,,Naqi
ae5e1e46-5e6e-4362-9542-93c5556f0fab,JCJCLRMAX0HD,SA,"Appointment #500000000",PAY_BY_INSTALMENTS,259,SAR,approved,0,0,0,*********734,cust********mple.com,"2025-11-29 20:43:05","2025-11-29 20:45:02",JCJCLRMAX0HD,,4,,Naqi
baa1801e-e46a-4afa-850c-64720176894b,OXSJ49RMEKCL,SA,"Appointment #500000000",PAY_BY_INSTALMENTS,1402,SAR,approved,0,0,0,*********801,cust********mple.com,"2025-11-29 20:39:09","2025-11-29 20:44:11",OXSJ49RMEKCL,,6,,Naqi
4a6f1428-6285-4da8-bced-020cb4a92788,D8GYMF83XTZP,SA,"Appointment #500000000",PAY_BY_INSTALMENTS,379,SAR,approved,0,0,0,*********979,cust********mple.com,"2025-11-29 20:29:39","2025-11-29 20:31:14",D8GYMF83XTZP,,4,,Naqi
61a912af-8e20-4a13-aaf1-7e98d2085cb3,TMG2H9UOUOAA,SA,"Appointment #500000000",PAY_BY_FINANCE,2648,SAR,approved,0,0,0,*********860,cust********mple.com,"2025-11-29 20:25:35","2025-11-29 20:27:42",TMG2H9UOUOAA,,9,,Naqi
d753ae32-2c21-49f0-bbc7-deff4942ed66,SHBEIDJDTV5C,SA,"Appointment #500000000",PAY_BY_INSTALMENTS,899,SAR,approved,0,0,0,*********659,cust********mple.com,"2025-11-29 20:17:54","2025-11-29 20:24:24",SHBEIDJDTV5C,,6,,Naqi
7061ec28-ade9-410d-8ad6-945680dfecb8,FUC9DV6OW1BV,SA,"Appointment #500000000",PAY_BY_INSTALMENTS,1399,SAR,approved,0,0,0,*********123,cust********mple.com,"2025-11-29 20:08:42","2025-11-29 20:13:26",FUC9DV6OW1BV,,6,,Naqi
3f073bc0-348e-4558-9908-f09d532521e9,GVNCPJJGFSLZ,SA,"Appointment #500000000",PAY_BY_INSTALMENTS,699,SAR,approved,0,0,0,*********586,cust********mple.com,"2025-11-29 20:08:31","2025-11-29 20:12:37",GVNCPJJGFSLZ,,4,,Naqi
ccc6800e-6ead-4bf4-82ea-42af25982e57,XQBOUAB5QG94,SA,"Appointment #500000000",PAY_BY_INSTALMENTS,259,SAR,approved,0,0,0,*********155,cust********mple.com,"2025-11-29 20:07:56","2025-11-29 20:12:32",XQBOUAB5QG94,,4,,Naqi
47006d23-25df-47be-80f3-2f77d45ce098,FC4ZWHUJBK5U,SA,"Appointment #500000000",PAY_BY_INSTALMENTS,799,SAR,approved,0,0,0,*********719,cust********mple.com,"2025-11-29 20:06:54","2025-11-29 20:09:51",FC4ZWHUJBK5U,,3,,Naqi
f8fe334f-f3b1-495b-b772-8269c4a70389,KWNKRWKE5QHG,SA,"Appointment #500000000",PAY_BY_INSTALMENTS,379,SAR,approved,0,0,0,*********508,cust********mple.com,"2025-11-29 20:06:47","2025-11-29 20:10:06",KWNKRWKE5QHG,,4,,Naqi
3a0e58d3-3c7f-44fe-ac31-292ba636d4ac,TW4NVFAETQKO,SA,"Appointment #500000000",PAY_BY_INSTALMENTS,169,SAR,approved,0,0,0,*********029,cust********mple.com,"2025-11-29 20:05:48","2025-11-29 20:07:18",TW4NVFAETQKO,,4,,Naqi
2f8eea3f-0ca7-4f13-a518-30857a7a5fff,G11HKLJA7RED,SA,"Appointment #500000000",PAY_BY_INSTALMENTS,1299,SAR,approved,0,0,0,*********174,cust********mple.com,"2025-11-29 19:56:10","2025-11-29 19:58:14",G11HKLJA7RED,,4,,Naqi
66267590-abbe-4b6b-8dff-091cabbe435f,CF31DBM1NWW5,SA,"Appointment #500000000",PAY_BY_INSTALMENTS,259,SAR,approved,0,0,0,*********138,cust********mple.com,"2025-11-29 19:51:07","2025-11-29 19:53:31",CF31DBM1NWW5,,4,,Naqi
4cbd6b09-0969-4c0f-9a51-77dc3ea78414,1D9PUKMDEQ7Y,SA,"Appointment #500000000",PAY_BY_INSTALMENTS,834,SAR,approved,0,0,0,*********376,cust********mple.com,"2025-11-29 19:50:04","2025-11-29 19:52:52",1D9PUKMDEQ7Y,,6,,Naqi
ee0e0378-a33e-4d55-b6ca-97a0a478388b,QFVDIB2SVSVC,SA,"Appointment #500000000",PAY_BY_INSTALMENTS,1349,SAR,approved,0,0,0,*********930,cust********mple.com,"2025-11-29 19:45:08","2025-11-29 19:47:11",QFVDIB2SVSVC,,6,,Naqi
87796ed9-effe-491b-92e6-7a478de4bd0f,IM7LFLWEPFEN,SA,"Appointment #500000000",PAY_BY_INSTALMENTS,518,SAR,approved,0,0,0,*********776,cust********mple.com,"2025-11-29 19:39:44","2025-11-29 19:41:19",IM7LFLWEPFEN,,4,,Naqi
edb290b5-500f-4bed-a27a-00ebc6c45e12,XEFQZDN7QK0S,SA,"Appointment #500000000",PAY_BY_INSTALMENTS,1449,SAR,approved,0,0,0,*********123,cust********mple.com,"2025-11-29 19:35:55","2025-11-29 19:38:52",XEFQZDN7QK0S,,6,,Naqi
a277379e-9628-4d91-8f50-f07e36bdc617,J8RJGE3TZM9D,SA,"Appointment #500000000",PAY_BY_INSTALMENTS,605,SAR,approved,0,0,0,*********352,cust********mple.com,"2025-11-29 19:32:42","2025-11-29 19:35:36",J8RJGE3TZM9D,,4,,Naqi
d2f2fd6b-f959-4ea6-b551-3bbffb9439b7,BSYJBXADJYHB,SA,"Appointment #500000000",PAY_BY_INSTALMENTS,1448,SAR,approved,0,0,0,*********543,cust********mple.com,"2025-11-29 19:22:36","2025-11-29 19:26:40",BSYJBXADJYHB,,6,,Naqi
5bcf47d4-16ed-41e4-bf3d-8d6d1e599c5c,KPNIKD6Z3J6M,SA,"Appointment #500000000",PAY_BY_INSTALMENTS,1299,SAR,approved,0,0,0,*********972,cust********mple.com,"2025-11-29 19:19:35","2025-11-29 19:23:17",KPNIKD6Z3J6M,,6,,Naqi
3d69db29-7991-4b80-9762-f7e924ca2d8d,GRHGJOCY76QA,SA,"Appointment #500000000",PAY_BY_INSTALMENTS,1349,SAR,approved,0,0,0,*********156,cust********mple.com,"2025-11-29 19:05:29","2025-11-29 19:06:58",GRHGJOCY76QA,,6,,Naqi
31e12ed7-f0f9-4f1c-9fdf-1602821d856e,QAJE6NLPP9XQ,SA,"Appointment #500000000",PAY_BY_INSTALMENTS,599,SAR,approved,0,0,0,*********745,cust********mple.com,"2025-11-29 19:00:57","2025-11-29 19:05:52",QAJE6NLPP9XQ,,4,,Naqi
7b2e625a-9860-474d-a3a5-ef94fe7469b3,YKV7XOII0JNR,SA,"Appointment #500000000",PAY_BY_INSTALMENTS,1349,SAR,approved,0,0,0,*********997,cust********mple.com,"2025-11-29 18:59:58","2025-11-29 19:03:51",YKV7XOII0JNR,,6,,Naqi
c5eda5c1-5b5e-4a7f-bca6-ad7eb37527a1,AUXCRPYKS9WZ,SA,"Appointment #500000000",PAY_BY_INSTALMENTS,259,SAR,approved,0,0,0,*********998,cust********mple.com,"2025-11-29 18:54:57","2025-11-29 18:56:36",AUXCRPYKS9WZ,,4,,Naqi
b9d01143-c3a2-491c-bdc1-d9757c50a144,UZ0RSBBW1W2O,SA,"Appointment #500000000",PAY_BY_INSTALMENTS,1349,SAR,approved,0,0,0,*********402,cust********mple.com,"2025-11-29 18:54:15","2025-11-29 18:57:26",UZ0RSBBW1W2O,,6,,Naqi
a1eeb3b0-509d-4d76-98d7-28930eeeb224,RPH5H4DCTORR,SA,"Appointment #500000000",PAY_BY_INSTALMENTS,499,SAR,approved,0,0,0,*********226,cust********mple.com,"2025-11-29 18:39:50","2025-11-29 18:43:03",RPH5H4DCTORR,,4,,Naqi
a58b1136-c2ae-459d-87d6-6afe6e84f0b5,7S0VQAT0D5MX,SA,"Appointment #500000000",PAY_BY_INSTALMENTS,129,SAR,approved,0,0,0,*********092,cust********mple.com,"2025-11-29 18:32:20","2025-11-29 18:35:41",7S0VQAT0D5MX,,4,,Naqi
d59a2948-e42d-4d30-b3d2-1ec53d99f001,TWBDWLER7ZA4,SA,"Appointment #500000000",PAY_BY_INSTALMENTS,799,SAR,approved,0,0,0,*********560,cust********mple.com,"2025-11-29 18:25:48","2025-11-29 18:33:11",TWBDWLER7ZA4,,6,,Naqi
0a9821c2-a26d-43a2-b133-45036fe9db8b,TPMI703XQNUZ,SA,"Appointment #500000000",PAY_BY_INSTALMENTS,1548,SAR,approved,0,0,0,*********341,cust********mple.com,"2025-11-29 18:22:56","2025-11-29 18:26:30",TPMI703XQNUZ,,4,,Naqi
8f2cb357-a656-48a2-97f6-9fa957245621,IYQXDHZKCZIZ,SA,"Appointment #500000000",PAY_BY_FINANCE,2497,SAR,approved,0,0,0,*********751,cust********mple.com,"2025-11-29 18:20:33","2025-11-29 18:21:49",IYQXDHZKCZIZ,,3,,Naqi
ce82a193-1f90-411e-813e-b3e133f501e3,ZA4DGVPVSHZO,SA,"Appointment #500000000",PAY_BY_INSTALMENTS,298,SAR,approved,0,0,0,*********191,cust********mple.com,"2025-11-29 18:16:25","2025-11-29 18:19:08",ZA4DGVPVSHZO,,4,,Naqi
173a7247-9789-4e50-bc32-a17e9136b514,2QL3IRSVYPNW,SA,"Appointment #500000000",PAY_BY_INSTALMENTS,1299,SAR,approved,0,0,0,*********218,cust********mple.com,"2025-11-29 18:00:19","2025-11-29 18:03:37",2QL3IRSVYPNW,,6,,Naqi
039abb61-71f0-4ff1-ae1a-97b3a98dd12b,YM31SVAWS6XA,SA,"Appointment #500000000",PAY_BY_INSTALMENTS,259,SAR,approved,0,0,0,*********454,cust********mple.com,"2025-11-29 17:55:41","2025-11-29 17:57:31",YM31SVAWS6XA,,4,,Naqi
ca302929-3ec2-484e-a6a4-4baaa4a231ac,SITMTOIX4IUZ,SA,"Appointment #500000000",PAY_BY_INSTALMENTS,799,SAR,approved,0,0,0,*********919,cust********mple.com,"2025-11-29 17:55:37","2025-11-29 17:58:11",SITMTOIX4IUZ,,6,,Naqi
72a2c5e8-24b9-4ee1-a5ba-0f715e4cc4e4,QN34YXE1MWIF,SA,"Appointment #500000000",PAY_BY_INSTALMENTS,379,SAR,approved,0,0,0,*********247,cust********mple.com,"2025-11-29 17:43:10","2025-11-29 17:46:11",QN34YXE1MWIF,,4,,Naqi
2862852f-4c53-4d20-bf07-e8ebef0ee49a,WLPX7HFF6Q53,SA,"Appointment #500000000",PAY_BY_INSTALMENTS,259,SAR,approved,0,0,0,*********502,cust********mple.com,"2025-11-29 17:31:42","2025-11-29 17:34:22",WLPX7HFF6Q53,,4,,Naqi
af27d0d4-0b09-42e6-861e-7fecc9149657,YMVYII5HMP0Y,SA,"Appointment #500000000",PAY_BY_INSTALMENTS,1299,SAR,approved,0,0,0,*********664,cust********mple.com,"2025-11-29 17:28:35","2025-11-29 17:33:08",YMVYII5HMP0Y,,4,,Naqi
abdb3c7f-f994-48ee-8ecf-a3d983f791e7,BJIX8G0981JK,SA,"Appointment #500000000",PAY_BY_INSTALMENTS,799,SAR,approved,0,0,0,*********710,cust********mple.com,"2025-11-29 17:20:43","2025-11-29 17:23:28",BJIX8G0981JK,,6,,Naqi
41227057-7730-4e98-839b-20522786221e,XEGUBOSSETEV,SA,"Appointment #500000000",PAY_BY_INSTALMENTS,799,SAR,approved,0,0,0,*********061,cust********mple.com,"2025-11-29 17:16:51","2025-11-29 17:21:26",XEGUBOSSETEV,,4,,Naqi
ef4f961c-8b35-460f-ae70-050854bef9c3,1RQ0VLNQVVT6,SA,"Appointment #500000000",PAY_BY_INSTALMENTS,1349,SAR,approved,0,0,0,*********359,cust********mple.com,"2025-11-29 17:12:52","2025-11-29 17:21:55",1RQ0VLNQVVT6,,6,,Naqi
6ec41d64-b9bc-4031-85cd-9058ae64a5cf,LSIBR3ZWXQEC,SA,"Appointment #500000000",PAY_BY_INSTALMENTS,799,SAR,approved,0,0,0,*********293,cust********mple.com,"2025-11-29 17:10:26","2025-11-29 17:13:01",LSIBR3ZWXQEC,,6,,Naqi
27abc6a1-de52-43f2-8885-0a7f32b605ad,IEFERA4ETVS2,SA,"Appointment #500000000",PAY_BY_INSTALMENTS,599,SAR,approved,0,0,0,*********718,cust********mple.com,"2025-11-29 17:04:14","2025-11-29 17:07:06",IEFERA4ETVS2,,4,,Naqi
fc705349-d3ed-4c92-9176-3309da00d6c0,WA8NDQ3E5JBS,SA,"Appointment #500000000",PAY_BY_INSTALMENTS,598,SAR,approved,0,0,0,*********909,cust********mple.com,"2025-11-29 17:02:32","2025-11-29 17:05:23",WA8NDQ3E5JBS,,2,,Naqi
9f24ffa7-8be1-4a89-a7f2-b21eb1f93aaa,0EDNRQXORDJJ,SA,"Appointment #500000000",PAY_BY_INSTALMENTS,1334,SAR,approved,0,0,0,*********347,cust********mple.com,"2025-11-29 17:01:22","2025-11-29 17:04:29",0EDNRQXORDJJ,,6,,Naqi
2dbf4aad-8aac-4698-95f6-b38850950980,TDXU8JSX4WKX,SA,"Appointment #500000000",PAY_BY_INSTALMENTS,1598,SAR,approved,0,0,0,*********317,cust********mple.com,"2025-11-29 16:58:00","2025-11-29 16:59:21",TDXU8JSX4WKX,,6,,Naqi
d457e744-fa44-4b29-8252-3339d85c9e14,WY4WRWTHMUXG,SA,"Appointment #500000000",PAY_BY_INSTALMENTS,129,SAR,approved,0,0,0,*********874,cust********mple.com,"2025-11-29 16:53:45","2025-11-29 16:56:55",WY4WRWTHMUXG,,4,,Naqi
fd7ecec8-0b0b-43c3-a6e3-8dd4902dc492,89OISISR9AXY,SA,"Appointment #500000000",PAY_BY_INSTALMENTS,379,SAR,approved,0,0,0,*********642,cust********mple.com,"2025-11-29 16:50:12","2025-11-29 16:51:53",89OISISR9AXY,,4,,Naqi
a965e935-1ff5-420c-8ea0-86dec204e5a4,OQUZG4FUVFBF,SA,"Appointment #500000000",PAY_BY_INSTALMENTS,1349,SAR,approved,0,0,0,*********988,cust********mple.com,"2025-11-29 16:47:38","2025-11-29 16:50:07",OQUZG4FUVFBF,,6,,Naqi
2980a2b2-f1b1-4f32-9814-a80eb60b710f,0S8A9UBDUISR,SA,"Appointment #500000000",PAY_BY_INSTALMENTS,259,SAR,approved,0,0,0,*********773,cust********mple.com,"2025-11-29 16:45:58","2025-11-29 16:53:08",0S8A9UBDUISR,,4,,Naqi
b110794e-6639-4768-907a-6a7adc01ceb7,ALSRKOMMZDCV,SA,"Appointment #500000000",PAY_BY_INSTALMENTS,379,SAR,approved,0,0,0,*********737,cust********mple.com,"2025-11-29 16:45:27","2025-11-29 16:46:56",ALSRKOMMZDCV,,4,,Naqi
27f34421-a6fc-467b-9970-b752f63b6863,ZRRNYV0LI33U,SA,"Appointment #500000000",PAY_BY_INSTALMENTS,1299,SAR,approved,0,0,0,*********025,cust********mple.com,"2025-11-29 16:44:47","2025-11-29 16:50:47",ZRRNYV0LI33U,,4,,Naqi
6b44b8d0-3a27-42bc-be3c-46648aa81b68,P8FU6LZVYV2B,SA,"Appointment #500000000",PAY_BY_INSTALMENTS,599,SAR,approved,0,0,0,*********886,cust********mple.com,"2025-11-29 16:41:32","2025-11-29 16:45:40",P8FU6LZVYV2B,,4,,Naqi
af22a607-d9af-4b3d-a3cd-d4d5a7dffe5c,0G8WFNTWIUG4,SA,"Appointment #500000000",PAY_BY_INSTALMENTS,579,SAR,approved,0,0,0,*********876,cust********mple.com,"2025-11-29 16:39:35","2025-11-29 16:41:13",0G8WFNTWIUG4,,3,,Naqi
23632a3f-cfc2-4a62-a13e-c5e47477fcac,R6JDQIELZWSM,SA,"Appointment #500000000",PAY_BY_FINANCE,2698,SAR,approved,0,0,0,*********551,cust********mple.com,"2025-11-29 16:38:47","2025-11-29 16:42:55",R6JDQIELZWSM,,6,,Naqi
c6ca932d-9497-43bd-9bd2-d400c1bb2c50,JICEX1RW2M9P,SA,"Appointment #500000000",PAY_BY_INSTALMENTS,259,SAR,approved,0,0,0,*********024,cust********mple.com,"2025-11-29 16:32:35","2025-11-29 16:37:12",JICEX1RW2M9P,,4,,Naqi
905706c5-4eb7-4abe-8a85-d6347b009448,W57UTFJRNZLW,SA,"Appointment #500000000",PAY_BY_INSTALMENTS,899,SAR,approved,0,0,0,*********628,cust********mple.com,"2025-11-29 16:32:32","2025-11-29 16:35:05",W57UTFJRNZLW,,6,,Naqi
d67cb1a6-33f1-427e-b370-a09b70b0afbe,OYEYAVVZ1HI5,SA,"Appointment #500000000",PAY_BY_INSTALMENTS,129,SAR,approved,0,0,0,*********610,cust********mple.com,"2025-11-29 16:25:59","2025-11-29 16:28:38",OYEYAVVZ1HI5,,4,,Naqi
682c71a2-beb2-46ea-b687-dde96f447690,LICLNA2H83HI,SA,"Appointment #500000000",PAY_BY_INSTALMENTS,259,SAR,approved,0,0,0,*********333,cust********mple.com,"2025-11-29 16:22:14","2025-11-29 16:26:38",LICLNA2H83HI,,2,,Naqi
5a69c81b-cc59-4057-9e22-48db232ad3ce,AC7EDQ9ZUYJ8,SA,"Appointment #500000000",PAY_BY_INSTALMENTS,699,SAR,approved,0,0,0,*********296,cust********mple.com,"2025-11-29 16:10:28","2025-11-29 16:19:50",AC7EDQ9ZUYJ8,,3,,Naqi
f98dea38-55ef-46a2-af7d-f9fae0602df6,RAB0M0739FTQ,SA,"Appointment #500000000",PAY_BY_INSTALMENTS,799,SAR,approved,0,0,0,*********382,cust********mple.com,"2025-11-29 16:05:59","2025-11-29 16:08:26",RAB0M0739FTQ,,6,,Naqi
e0729acd-f489-4a8f-9a4b-01d27d52e4fb,WHBCQ8EUC3TF,SA,"Appointment #500000000",PAY_BY_INSTALMENTS,259,SAR,approved,0,0,0,*********293,cust********mple.com,"2025-11-29 16:05:38","2025-11-29 16:13:06",WHBCQ8EUC3TF,,4,,Naqi
e351d87f-1dd2-42a7-a9a0-fea93375fee9,UMJDNWBVNIFM,SA,"Appointment #500000000",PAY_BY_INSTALMENTS,695,SAR,approved,0,0,0,*********544,cust********mple.com,"2025-11-29 16:05:19","2025-11-29 16:09:35",UMJDNWBVNIFM,,4,,Naqi
345740be-b369-47bb-bfa3-7856df2ab47e,P4BLCESEWJIE,SA,"Appointment #500000000",PAY_BY_INSTALMENTS,1399,SAR,approved,0,0,0,*********951,cust********mple.com,"2025-11-29 16:04:44","2025-11-29 16:06:37",P4BLCESEWJIE,,6,,Naqi
a476557d-83bf-4bb2-8de6-0bb7f9f6ab01,917KTICGZEIR,SA,"Appointment #500000000",PAY_BY_INSTALMENTS,379,SAR,approved,0,0,0,*********994,cust********mple.com,"2025-11-29 16:03:45","2025-11-29 16:05:42",917KTICGZEIR,,4,,Naqi
1f3b5cff-8bd5-4b3c-a833-692e91cfee68,LDU6ACVS6D1B,SA,"Appointment #500000000",PAY_BY_INSTALMENTS,1399,SAR,approved,0,0,0,*********116,cust********mple.com,"2025-11-29 16:02:11","2025-11-29 16:03:46",LDU6ACVS6D1B,,6,,Naqi
194b065d-8848-4845-bff0-c92dfce8187a,OEFBXXJ4Z1NA,SA,"Appointment #500000000",PAY_BY_INSTALMENTS,379,SAR,approved,0,0,0,*********490,cust********mple.com,"2025-11-29 15:56:00","2025-11-29 16:03:20",OEFBXXJ4Z1NA,,4,,Naqi
b2778ac3-431f-42a8-a6af-0adcdd78d504,B3CB72MNPLVU,SA,"Appointment #500000000",PAY_BY_INSTALMENTS,204,SAR,approved,0,0,0,*********910,cust********mple.com,"2025-11-29 15:55:55","2025-11-29 15:58:40",B3CB72MNPLVU,,4,,Naqi
449bd783-cc77-4e5f-8966-74da6147eca8,BCLHPOJFX1AV,SA,"Appointment #500000000",PAY_BY_INSTALMENTS,599,SAR,approved,0,0,0,*********621,cust********mple.com,"2025-11-29 15:45:33","2025-11-29 15:47:24",BCLHPOJFX1AV,,4,,Naqi
b0aef0f1-8942-41d4-b129-1b9ab0286f04,K06JRN2Z12WQ,SA,"Appointment #500000000",PAY_BY_INSTALMENTS,799,SAR,approved,0,0,0,*********222,cust********mple.com,"2025-11-29 15:45:07","2025-11-29 15:48:48",K06JRN2Z12WQ,,6,,Naqi
77606d6e-90fa-473f-a1af-3ff497a6bbd1,SMINXNYESXXH,SA,"Appointment #500000000",PAY_BY_INSTALMENTS,379,SAR,approved,0,0,0,*********835,cust********mple.com,"2025-11-29 15:39:04","2025-11-29 15:45:42",SMINXNYESXXH,,4,,Naqi
a697afa1-3e03-4f21-964d-9db5d4251be6,U9BUAUX9WKBC,SA,"Appointment #500000000",PAY_BY_INSTALMENTS,799,SAR,approved,0,0,0,*********290,cust********mple.com,"2025-11-29 15:38:26","2025-11-29 15:44:24",U9BUAUX9WKBC,,3,,Naqi
a80ed6a1-bf94-4427-a815-53721e39e505,DSV9WIOUJKF4,SA,"Appointment #500000000",PAY_BY_INSTALMENTS,1299,SAR,approved,0,0,0,*********841,cust********mple.com,"2025-11-29 15:36:27","2025-11-29 15:38:06",DSV9WIOUJKF4,,6,,Naqi
91a8e29f-bd34-44fa-aa11-c9129abffccc,5BILD3YM3RUI,SA,"Appointment #500000000",PAY_BY_INSTALMENTS,259,SAR,approved,0,0,0,*********852,cust********mple.com,"2025-11-29 15:34:24","2025-11-29 15:35:47",5BILD3YM3RUI,,4,,Naqi
618afb25-08f9-43d3-afdc-20b16fe1b119,O0PXJA5DWOTV,SA,"Appointment #500000000",PAY_BY_INSTALMENTS,259,SAR,approved,0,0,0,*********117,cust********mple.com,"2025-11-29 15:23:35","2025-11-29 15:25:05",O0PXJA5DWOTV,,4,,Naqi
a73f9f2c-38ec-4f8d-8437-5c02e38da0a3,ANJKSETBGEVE,SA,"Appointment #500000000",PAY_BY_INSTALMENTS,1299,SAR,approved,0,0,0,*********956,cust********mple.com,"2025-11-29 15:15:07","2025-11-29 15:16:19",ANJKSETBGEVE,,6,,Naqi
9e502ccc-349a-46cf-8fbb-a49a56bc9c6a,UAVKCNCRST3C,SA,"Appointment #500000000",PAY_BY_INSTALMENTS,259,SAR,approved,0,0,0,*********739,cust********mple.com,"2025-11-29 14:58:07","2025-11-29 15:00:46",UAVKCNCRST3C,,4,,Naqi
2a9eb771-103c-4f78-b67e-9c8d5da22583,6LHPZJPV4AYM,SA,"Appointment #500000000",PAY_BY_INSTALMENTS,379,SAR,approved,0,0,0,*********130,cust********mple.com,"2025-11-29 14:57:32","2025-11-29 15:00:35",6LHPZJPV4AYM,,4,,Naqi
b4b9a132-418f-4adf-90d1-50ba6d8374fd,5OAPEIO6Z5XN,SA,"Appointment #500000000",PAY_BY_INSTALMENTS,379,SAR,approved,0,0,0,*********010,cust********mple.com,"2025-11-29 14:55:40","2025-11-29 14:58:08",5OAPEIO6Z5XN,,4,,Naqi
b7c225b7-cbfe-4faf-9f08-e4cab2987d44,CYUVAUVRIV0H,SA,"Appointment #500000000",PAY_BY_INSTALMENTS,1349,SAR,approved,0,0,0,*********376,cust********mple.com,"2025-11-29 14:53:44","2025-11-29 14:55:16",CYUVAUVRIV0H,,6,,Naqi
75d8bcf6-19f0-487c-8d85-e8b51b0b0d18,6NG1IOHBK3Y6,SA,"Appointment #500000000",PAY_BY_INSTALMENTS,387,SAR,approved,0,0,0,*********243,cust********mple.com,"2025-11-29 14:52:03","2025-11-29 14:57:02",6NG1IOHBK3Y6,,4,,Naqi
6bb961e9-493d-4e62-a134-e04be662ab49,TQAOHHWNRRGS,SA,"Appointment #500000000",PAY_BY_INSTALMENTS,344,SAR,approved,0,0,0,*********766,cust********mple.com,"2025-11-29 14:51:44","2025-11-29 14:53:04",TQAOHHWNRRGS,,3,,Naqi
26ae6435-4a8e-4927-98f2-ba3cdecc0082,FUQUXY4NCVP7,SA,"Appointment #500000000",PAY_BY_INSTALMENTS,499,SAR,approved,0,0,0,*********287,cust********mple.com,"2025-11-29 14:50:41","2025-11-29 14:52:20",FUQUXY4NCVP7,,4,,Naqi
b2f1dffd-c52f-4a12-ad13-99aa2cbee0d7,RLI3UWXSYR7A,SA,"Appointment #500000000",PAY_BY_INSTALMENTS,1898,SAR,approved,0,0,0,*********224,cust********mple.com,"2025-11-29 14:46:24","2025-11-29 14:47:57",RLI3UWXSYR7A,,6,,Naqi
6afdf5e0-42ec-4399-a649-f54a705aa011,RMK7N9OHRPF7,SA,"Appointment #500000000","Pay in Full",1363,SAR,approved,0,0,0,*********917,cust********mple.com,"2025-11-29 14:45:31","2025-11-29 14:48:46",RMK7N9OHRPF7,,,,Naqi
7a6fafaa-b764-4554-9f20-bd4ad0256d5c,EIIFZ7T4GY3U,SA,"Appointment #500000000",PAY_BY_INSTALMENTS,914,SAR,approved,0,0,0,*********044,cust********mple.com,"2025-11-29 14:40:50","2025-11-29 14:43:47",EIIFZ7T4GY3U,,6,,Naqi
867c71d2-024f-4144-8d75-d1ba3b1135f7,L4RLZ5APQRNR,SA,"Appointment #500000000",PAY_BY_INSTALMENTS,1099,SAR,approved,0,0,0,*********932,cust********mple.com,"2025-11-29 14:37:56","2025-11-29 14:44:53",L4RLZ5APQRNR,,4,,Naqi
3210770a-6382-417d-8b90-38740da88126,HQWYRAD2FF0J,SA,"Appointment #500000000",PAY_BY_INSTALMENTS,1299,SAR,approved,0,0,0,*********700,cust********mple.com,"2025-11-29 14:34:56","2025-11-29 14:45:44",HQWYRAD2FF0J,,6,,Naqi
9c3cbb1d-1b1d-44bb-a8cf-f757111ad9d9,086QFNPFBMUV,SA,"Appointment #500000000",PAY_BY_INSTALMENTS,799,SAR,approved,0,0,0,*********445,cust********mple.com,"2025-11-29 14:24:45","2025-11-29 14:27:40",086QFNPFBMUV,,6,,Naqi
78cbf0fd-d668-4dac-a75f-002d2caa407c,X7QNCKETAOUN,SA,"Appointment #500000000",PAY_BY_INSTALMENTS,1349,SAR,approved,0,0,0,*********932,cust********mple.com,"2025-11-29 14:13:21","2025-11-29 14:15:14",X7QNCKETAOUN,,6,,Naqi
da1991df-f8c2-4060-a952-774cabf83d04,DPTTCBT0YVGO,SA,"Appointment #500000000",PAY_BY_INSTALMENTS,799,SAR,approved,0,0,0,*********582,cust********mple.com,"2025-11-29 14:05:17","2025-11-29 14:08:12",DPTTCBT0YVGO,,6,,Naqi
389de949-fdbb-44ff-ac3d-6b14fcd9a793,DUXQONPXA0VC,SA,"Appointment #500000000",PAY_BY_INSTALMENTS,799,SAR,approved,0,0,0,*********169,cust********mple.com,"2025-11-29 14:03:24","2025-11-29 14:05:24",DUXQONPXA0VC,,4,,Naqi
66f04464-a6e9-4f1c-bbad-d3b232db153e,GNMHHCKKV9KS,SA,"Appointment #500000000",PAY_BY_INSTALMENTS,499,SAR,approved,0,0,0,*********518,cust********mple.com,"2025-11-29 14:01:59","2025-11-29 14:05:01",GNMHHCKKV9KS,,4,,Naqi
91028338-6e02-4211-86f7-4b835a32e519,DX3VLVQSRZXT,SA,"Appointment #500000000",PAY_BY_INSTALMENTS,508,SAR,approved,0,0,0,*********666,cust********mple.com,"2025-11-29 13:59:41","2025-11-29 14:02:13",DX3VLVQSRZXT,,4,,Naqi
dd308a1d-ee7a-4206-92a8-bf0dc300d420,RAP7KEFZ8QAB,SA,"Appointment #500000000",PAY_BY_INSTALMENTS,259,SAR,approved,0,0,0,*********407,cust********mple.com,"2025-11-29 13:56:24","2025-11-29 13:57:41",RAP7KEFZ8QAB,,2,,Naqi
99a5a3f4-9915-4191-a0d1-f95e0637408c,JBIWYJSX9APK,SA,"Appointment #500000000",PAY_BY_INSTALMENTS,799,SAR,approved,0,0,0,*********193,cust********mple.com,"2025-11-29 13:51:31","2025-11-29 13:55:14",JBIWYJSX9APK,,6,,Naqi
c1056dd3-8f8b-471e-b6e5-523cb6042c1a,KMXEZRCXRDGR,SA,"Appointment #500000000",PAY_BY_INSTALMENTS,187,SAR,approved,0,0,0,*********121,cust********mple.com,"2025-11-29 13:42:09","2025-11-29 13:44:50",KMXEZRCXRDGR,,4,,Naqi
78958022-88f3-4b69-8868-770a631e15d9,WS60QMFRMKSA,SA,"Appointment #500000000","Pay in Full",204,SAR,approved,0,0,0,*********303,cust********mple.com,"2025-11-29 13:39:02","2025-11-29 13:40:21",WS60QMFRMKSA,,,,Naqi
505d9273-accb-437d-8a2b-dc7e88a08dea,36Z31RXPYPBM,SA,"Appointment #500000000",PAY_BY_INSTALMENTS,695,SAR,approved,0,0,0,*********797,cust********mple.com,"2025-11-29 13:32:48","2025-11-29 13:35:57",36Z31RXPYPBM,,4,,Naqi
87adfb57-d8fd-483b-aa7b-8918fa5f0f4a,BDPK87HGM33L,SA,"Appointment #500000000",PAY_BY_INSTALMENTS,599,SAR,approved,0,0,0,*********320,cust********mple.com,"2025-11-29 13:18:04","2025-11-29 13:20:02",BDPK87HGM33L,,4,,Naqi
1bbaeba2-e596-4938-a804-223b78663cdb,P6F5MU9ZQYMB,SA,"Appointment #500000000",PAY_BY_INSTALMENTS,259,SAR,approved,0,0,0,*********120,cust********mple.com,"2025-11-29 13:17:10","2025-11-29 13:21:03",P6F5MU9ZQYMB,,4,,Naqi
cf27daba-f161-4a6c-8dd5-39e4013b2a7e,X2YNZAK6VGUP,SA,"Appointment #500000000",PAY_BY_INSTALMENTS,379,SAR,approved,0,0,0,*********644,cust********mple.com,"2025-11-29 13:13:59","2025-11-29 13:15:22",X2YNZAK6VGUP,,4,,Naqi
33756aca-8519-45b3-9a3c-a85decb67d19,9RM6PMXJRP73,SA,"Appointment #500000000",PAY_BY_INSTALMENTS,799,SAR,approved,0,0,0,*********356,cust********mple.com,"2025-11-29 11:52:10","2025-11-29 11:56:46",9RM6PMXJRP73,,6,,Naqi
4ca1951c-8d90-446e-923c-349999036e4f,0KFGREQZNA4C,SA,"Appointment #500000000",PAY_BY_INSTALMENTS,379,SAR,approved,0,0,0,*********334,cust********mple.com,"2025-11-29 11:44:27","2025-11-29 11:47:20",0KFGREQZNA4C,,4,,Naqi
a266ff5d-5866-4ecd-96fe-cd17bd242c15,VUNGWCE7H6TP,SA,"Appointment #500000000",PAY_BY_INSTALMENTS,259,SAR,approved,0,0,0,*********203,cust********mple.com,"2025-11-28 21:48:44","2025-11-28 21:53:18",VUNGWCE7H6TP,,4,,Naqi
971540f9-deb9-4fc2-9cf1-8b722179efad,7KELR1K7M5N5,SA,"Appointment #500000000",PAY_BY_INSTALMENTS,259,SAR,approved,0,0,0,*********410,cust********mple.com,"2025-11-28 21:33:11","2025-11-28 21:35:52",7KELR1K7M5N5,,4,,Naqi
402baa44-3be7-477c-bff1-465c27cecbe4,ACXVUFAOKWMF,SA,"Appointment #500000000",PAY_BY_INSTALMENTS,129,SAR,approved,0,0,0,*********770,cust********mple.com,"2025-11-28 21:17:58","2025-11-28 21:22:19",ACXVUFAOKWMF,,4,,Naqi
413bdda3-4955-4ceb-8e4f-f27f04b8d79e,XOZALHJZMT5J,SA,"Appointment #500000000",PAY_BY_INSTALMENTS,734,SAR,approved,0,0,0,*********616,cust********mple.com,"2025-11-28 20:57:17","2025-11-28 21:01:26",XOZALHJZMT5J,,4,,Naqi
15c5a1d4-f7e8-4f87-877c-d62d9be81c87,N1AGZYPH66S1,SA,"Appointment #500000000",PAY_BY_INSTALMENTS,259,SAR,approved,0,0,0,*********143,cust********mple.com,"2025-11-28 20:38:58","2025-11-28 20:40:53",N1AGZYPH66S1,,4,,Naqi
dfb4e6d1-470a-4e1e-a6e1-f013fdb4ff79,C3TBCHYZR77Q,SA,"Appointment #500000000",PAY_BY_INSTALMENTS,259,SAR,approved,0,0,0,*********202,cust********mple.com,"2025-11-28 19:43:03","2025-11-28 19:46:42",C3TBCHYZR77Q,,4,,Naqi
71882c3b-82a8-44f6-aaa9-4c11ab0936d4,CRU8ZVHOD92S,SA,"Appointment #500000000",PAY_BY_INSTALMENTS,259,SAR,approved,0,0,0,*********228,cust********mple.com,"2025-11-28 19:22:28","2025-11-28 19:23:53",CRU8ZVHOD92S,,4,,Naqi
f65a9399-1b6a-4f6e-9c48-276099937779,M0Y31DLBRP6U,SA,"Appointment #500000000",PAY_BY_INSTALMENTS,259,SAR,approved,0,0,0,*********340,cust********mple.com,"2025-11-28 19:08:35","2025-11-28 19:10:35",M0Y31DLBRP6U,,2,,Naqi
27cc557a-b058-4b12-982f-89c58b9a510f,IRPSF4UIOTE7,SA,"Appointment #500000000",PAY_BY_INSTALMENTS,899,SAR,approved,0,0,0,*********468,cust********mple.com,"2025-11-28 17:55:46","2025-11-28 17:56:58",IRPSF4UIOTE7,,6,,Naqi
e2a2f748-c2ae-4a63-82c7-3142d8b06d88,UYIVGVUCNLLS,SA,"Appointment #500000000",PAY_BY_INSTALMENTS,695,SAR,approved,0,0,0,*********595,cust********mple.com,"2025-11-28 17:41:36","2025-11-28 17:49:17",UYIVGVUCNLLS,,3,,Naqi
b2fd6bfd-1c94-4d3a-b7dc-6fa69fd0f77d,W4XBYKT4085Q,SA,"Appointment #500000000",PAY_BY_FINANCE,2798,SAR,approved,0,0,0,*********654,cust********mple.com,"2025-11-28 17:32:15","2025-11-28 17:33:44",W4XBYKT4085Q,,3,,Naqi
41b2a832-a3b9-4a7c-92c8-35861b9f29eb,ISZPWSZXWS3A,SA,"Appointment #500000000",PAY_BY_INSTALMENTS,285,SAR,approved,0,0,0,*********986,cust********mple.com,"2025-11-28 17:23:54","2025-11-28 17:26:15",ISZPWSZXWS3A,,4,,Naqi
4e9fbfa6-3dfd-43fd-939b-6a2e780dc55a,JU4QOIJFIEGX,SA,"Appointment #500000000",PAY_BY_INSTALMENTS,259,SAR,approved,0,0,0,*********898,cust********mple.com,"2025-11-28 17:23:10","2025-11-28 17:24:37",JU4QOIJFIEGX,,4,,Naqi
a0fdd293-8257-4ab4-a2ad-76df48c00be1,2XRZFKGLMGDI,SA,"Appointment #500000000",PAY_BY_INSTALMENTS,695,SAR,approved,0,0,0,*********705,cust********mple.com,"2025-11-28 16:46:59","2025-11-28 16:49:19",2XRZFKGLMGDI,,4,,Naqi
02b90333-cbdc-468f-bb59-1960f89ff8c9,S2Z35XHILUVO,SA,"Appointment #500000000",PAY_BY_INSTALMENTS,129,SAR,approved,0,0,0,*********818,cust********mple.com,"2025-11-28 16:37:00","2025-11-28 16:40:03",S2Z35XHILUVO,,4,,Naqi
144db934-2f48-49bb-b4bd-7c528727855f,Q9E6O9Q7S50I,SA,"Appointment #500000000",PAY_BY_INSTALMENTS,379,SAR,approved,0,0,0,*********668,cust********mple.com,"2025-11-28 16:28:13","2025-11-28 16:31:14",Q9E6O9Q7S50I,,4,,Naqi
45b8d7b0-7845-4f60-8207-25aaefb1f950,VU8OAXKI1LYY,SA,"Appointment #500000000",PAY_BY_INSTALMENTS,379,SAR,approved,0,0,0,*********234,cust********mple.com,"2025-11-28 16:21:53","2025-11-28 16:24:26",VU8OAXKI1LYY,,4,,Naqi
f0c6b8e3-d371-461e-a48c-ad0559ee0a16,06V3HIXQEQ2F,SA,"Appointment #500000000",PAY_BY_INSTALMENTS,169,SAR,approved,0,0,0,*********557,cust********mple.com,"2025-11-28 15:55:24","2025-11-28 15:57:29",06V3HIXQEQ2F,,4,,Naqi
23cd4b98-9120-4503-bb27-c6d5bda41c71,J1HYYDZLMU6K,SA,"Appointment #500000000",PAY_BY_INSTALMENTS,129,SAR,approved,0,0,0,*********124,cust********mple.com,"2025-11-28 14:54:29","2025-11-28 14:58:50",J1HYYDZLMU6K,,4,,Naqi
b1fa1aa9-d6ac-43bb-9be1-2387f080b06f,4Y463XLOXOSM,SA,"Appointment #500000000",PAY_BY_INSTALMENTS,599,SAR,approved,0,0,0,*********505,cust********mple.com,"2025-11-28 00:14:24","2025-11-28 01:40:15",4Y463XLOXOSM,,4,,Naqi
53715791-bc5b-45ce-95c3-5cea9c31cfae,GWQO5XKKHWRH,SA,"Appointment #500000000",PAY_BY_INSTALMENTS,100,SAR,approved,0,0,0,*********443,cust********mple.com,"2025-11-27 23:52:08","2025-11-28 03:19:03",GWQO5XKKHWRH,,3,,Naqi
4b2c9cc7-2346-4fec-b134-078401b9627f,RXSHUIYGKY7U,SA,"Appointment #500000000",PAY_BY_INSTALMENTS,258,SAR,approved,0,0,0,*********406,cust********mple.com,"2025-11-27 22:42:51","2025-11-27 23:55:58",RXSHUIYGKY7U,,3,,Naqi
3679c375-39e5-4f06-baee-20d7bb686078,HROKVWHX2LE0,SA,"Appointment #500000000",PAY_BY_INSTALMENTS,1299,SAR,approved,0,0,0,*********324,cust********mple.com,"2025-11-27 21:11:25","2025-11-27 22:27:49",HROKVWHX2LE0,,3,,Naqi
b0c97017-a49e-4c21-9e6a-49d37562f48b,XJ7VXRHYZK9X,SA,"Appointment #500000000",PAY_BY_INSTALMENTS,1798,SAR,approved,0,0,0,*********838,cust********mple.com,"2025-11-27 21:05:31","2025-11-27 22:22:08",XJ7VXRHYZK9X,,6,,Naqi
50e8942e-4e7e-47c7-aa57-c79807a42aee,Y4FNQLIVGXHK,SA,"Appointment #500000000",PAY_BY_INSTALMENTS,379,SAR,approved,0,0,0,*********461,cust********mple.com,"2025-11-27 21:04:50","2025-11-27 22:53:12",Y4FNQLIVGXHK,,4,,Naqi
eec68657-de17-4308-9467-de0816fd5d61,DXFEBYYSXURF,SA,"Appointment #500000000",PAY_BY_INSTALMENTS,799,SAR,approved,0,0,0,*********441,cust********mple.com,"2025-11-27 21:03:25","2025-11-27 22:20:12",DXFEBYYSXURF,,6,,Naqi
89086088-20ae-43ea-b341-24b289d8a596,RUVNNRQQR3HU,SA,"Appointment #500000000",PAY_BY_INSTALMENTS,129,SAR,approved,0,0,0,*********050,cust********mple.com,"2025-11-27 20:54:58","2025-11-27 22:13:29",RUVNNRQQR3HU,,4,,Naqi
3c6ac2a1-51de-48be-ad08-2ce9e1157e9b,EKNEROMS2HSA,SA,"Appointment #500000000",PAY_BY_FINANCE,2896,SAR,approved,0,0,0,*********796,cust********mple.com,"2025-11-27 20:45:53","2025-11-27 22:06:00",EKNEROMS2HSA,,6,,Naqi
7b07deb1-4aa3-48c7-b021-e6dcad2279dd,XJYNDAIB1VOE,SA,"Appointment #500000000",PAY_BY_INSTALMENTS,259,SAR,approved,0,0,0,*********567,cust********mple.com,"2025-11-27 20:42:56","2025-11-27 22:29:54",XJYNDAIB1VOE,,4,,Naqi
3b8dacac-abb2-42a5-9bed-272ff84b4d43,YO6AJ6ZGFXSY,SA,"Appointment #500000000",PAY_BY_INSTALMENTS,599,SAR,approved,0,0,0,*********557,cust********mple.com,"2025-11-27 20:41:57","2025-11-27 22:31:16",YO6AJ6ZGFXSY,,4,,Naqi
52352011-b510-400f-96f7-d559b5dcafee,R9GPWZYKWXFB,SA,"Appointment #500000000",PAY_BY_INSTALMENTS,259,SAR,approved,0,0,0,*********990,cust********mple.com,"2025-11-27 20:35:39","2025-11-27 21:54:55",R9GPWZYKWXFB,,3,,Naqi
758c8fa2-ecd4-42f6-b438-016d5f6ac588,VZCSYXOEQGHJ,SA,"Appointment #500000000",PAY_BY_INSTALMENTS,898,SAR,approved,0,0,0,*********021,cust********mple.com,"2025-11-27 20:17:36","2025-11-28 00:08:46",VZCSYXOEQGHJ,,6,,Naqi
7ae95b77-f6b9-4ce1-8b78-3301b4b8547d,EHONBVNXY9SX,SA,"Appointment #500000000",PAY_BY_INSTALMENTS,129,SAR,approved,0,0,0,*********354,cust********mple.com,"2025-11-27 20:17:34","2025-11-28 00:08:56",EHONBVNXY9SX,,3,,Naqi
441839b4-a305-4ae0-bfb3-b1b81652327f,QIWWPWAX7KE2,SA,"Appointment #500000000",PAY_BY_INSTALMENTS,379,SAR,approved,0,0,0,*********574,cust********mple.com,"2025-11-27 19:35:49","2025-11-27 20:51:40",QIWWPWAX7KE2,,4,,Naqi
ded5673f-7b81-4756-bf23-3bc699f32c22,38P6USCPVRBK,SA,"Appointment #500000000",PAY_BY_INSTALMENTS,725,SAR,approved,0,0,0,*********888,cust********mple.com,"2025-11-27 19:34:27","2025-11-27 20:50:07",38P6USCPVRBK,,4,,Naqi
68d507a7-f223-4ef4-8028-258d038f3339,WI6ISW7MJD7S,SA,"Appointment #500000000",PAY_BY_INSTALMENTS,259,SAR,approved,0,0,0,*********002,cust********mple.com,"2025-11-27 19:30:22","2025-11-27 23:23:14",WI6ISW7MJD7S,,4,,Naqi
610683ad-b5f4-4f61-84aa-c48e23922804,Q616DACAV1SV,SA,"Appointment #500000000",PAY_BY_INSTALMENTS,799,SAR,approved,0,0,0,*********292,cust********mple.com,"2025-11-27 19:27:22","2025-11-27 21:19:28",Q616DACAV1SV,,6,,Naqi
f6e8dab7-7eec-4766-9b03-25ed6fc5c9ff,BDDY5IZUQYUK,SA,"Appointment #500000000",PAY_BY_INSTALMENTS,799,SAR,approved,0,0,0,*********690,cust********mple.com,"2025-11-27 19:24:33","2025-11-27 21:15:37",BDDY5IZUQYUK,,6,,Naqi
8791062f-302f-4d3b-a6ba-f0a996b150b6,KBIOCSQJ1HFA,SA,"Appointment #500000000",PAY_BY_INSTALMENTS,1349,SAR,approved,0,0,0,*********493,cust********mple.com,"2025-11-27 19:16:10","2025-11-27 23:06:03",KBIOCSQJ1HFA,,6,,Naqi
a24ff267-364e-4cc4-a664-e654848cae17,XFDQXH2YHEXT,SA,"Appointment #500000000",PAY_BY_INSTALMENTS,1349,SAR,approved,0,0,0,*********766,cust********mple.com,"2025-11-27 19:10:40","2025-11-27 20:25:11",XFDQXH2YHEXT,,6,,Naqi
8563cac1-feef-43cb-89da-e178c275b8b9,1ATXH3LLNW5V,SA,"Appointment #500000000",PAY_BY_INSTALMENTS,369,SAR,approved,0,0,0,*********699,cust********mple.com,"2025-11-27 19:09:34","2025-11-27 20:55:54",1ATXH3LLNW5V,,4,,Naqi
dca99047-ac3d-4771-8198-b657c32b6d51,Z5PNCU9ZTC6T,SA,"Appointment #500000000",PAY_BY_INSTALMENTS,463,SAR,approved,0,0,0,*********892,cust********mple.com,"2025-11-27 19:07:06","2025-11-27 22:57:56",Z5PNCU9ZTC6T,,4,,Naqi
8b7607cc-38f8-455d-acad-46e02538dd4a,PZKRPR1SO5Z9,SA,"Appointment #500000000",PAY_BY_INSTALMENTS,379,SAR,approved,0,0,0,*********777,cust********mple.com,"2025-11-27 19:06:30","2025-11-27 20:24:49",PZKRPR1SO5Z9,,4,,Naqi
7f94ab68-c9ca-4c93-ac2e-132659439595,VXHQNU8CARTK,SA,"Appointment #500000000",PAY_BY_INSTALMENTS,1299,SAR,approved,0,0,0,*********463,cust********mple.com,"2025-11-27 19:06:08","2025-11-27 20:20:20",VXHQNU8CARTK,,6,,Naqi
d0378285-030c-4a00-be77-a904601a99a9,GWGSTQLUFXOJ,SA,"Appointment #500000000",PAY_BY_INSTALMENTS,1299,SAR,approved,0,0,0,*********791,cust********mple.com,"2025-11-27 19:04:10","2025-11-27 20:22:10",GWGSTQLUFXOJ,,6,,Naqi
4d5e9339-0834-4cc7-b734-e4e9eab48646,8PX6G69BMK3Q,SA,"Appointment #500000000",PAY_BY_INSTALMENTS,379,SAR,approved,0,0,0,*********886,cust********mple.com,"2025-11-27 18:52:50","2025-11-27 20:04:26",8PX6G69BMK3Q,,4,,Naqi
d314d797-8cf6-4a93-8b93-d072da14235d,JBHPC6DFHVM7,SA,"Appointment #500000000",PAY_BY_INSTALMENTS,129,SAR,approved,0,0,0,*********454,cust********mple.com,"2025-11-27 18:52:09","2025-11-27 20:04:39",JBHPC6DFHVM7,,4,,Naqi
eb9280f1-1dd3-48b9-8ced-237a29745eec,TCX8LGGOZEM9,SA,"Appointment #500000000",PAY_BY_INSTALMENTS,379,SAR,approved,0,0,0,*********912,cust********mple.com,"2025-11-27 18:50:53","2025-11-27 22:39:38",TCX8LGGOZEM9,,4,,Naqi
423f0ec4-9084-4163-9a8f-ad0262275cdb,GRNKEVGQ5CW6,SA,"Appointment #500000000",PAY_BY_INSTALMENTS,259,SAR,approved,0,0,0,*********241,cust********mple.com,"2025-11-27 18:50:40","2025-11-27 22:38:31",GRNKEVGQ5CW6,,4,,Naqi
41e40993-4f21-4121-a6e0-60515bffbd89,ZQW2HYZMVDAY,SA,"Appointment #500000000",PAY_BY_INSTALMENTS,379,SAR,approved,0,0,0,*********695,cust********mple.com,"2025-11-27 18:50:21","2025-11-27 20:34:42",ZQW2HYZMVDAY,,4,,Naqi
40ae4fdf-8e7d-4aee-9db9-9342377e3284,CIA2CULGLJIO,SA,"Appointment #500000000",PAY_BY_INSTALMENTS,259,SAR,approved,0,0,0,*********195,cust********mple.com,"2025-11-27 18:44:11","2025-11-27 22:32:35",CIA2CULGLJIO,,3,,Naqi
98ff88ee-9e5d-4740-b772-21aacf255010,WTYEI2SUU21P,SA,"Appointment #500000000",PAY_BY_INSTALMENTS,1299,SAR,approved,0,0,0,*********346,cust********mple.com,"2025-11-27 18:39:28","2025-11-27 20:22:49",WTYEI2SUU21P,,6,,Naqi
6b679dcc-f6eb-41d3-a5b9-d3b2f4b9462e,4N2VCI1NG0QX,SA,"Appointment #500000000",PAY_BY_INSTALMENTS,599,SAR,approved,0,0,0,*********068,cust********mple.com,"2025-11-27 18:38:49","2025-11-27 22:26:16",4N2VCI1NG0QX,,4,,Naqi
c4e5b31f-d550-44ec-893a-4d4a9024a039,6J4RNJIOKEA0,SA,"Appointment #500000000",PAY_BY_INSTALMENTS,899,SAR,approved,0,0,0,*********831,cust********mple.com,"2025-11-27 18:37:39","2025-11-27 22:29:56",6J4RNJIOKEA0,,4,,Naqi
dc2a82a9-d2a7-44b0-ae67-37ebbf5a01a2,NW9BNXWHRLIM,SA,"Appointment #500000000",PAY_BY_INSTALMENTS,379,SAR,approved,0,0,0,*********408,cust********mple.com,"2025-11-27 18:33:44","2025-11-27 19:53:00",NW9BNXWHRLIM,,4,,Naqi
55bf05aa-7ac9-49f4-ad0c-a2919ee2a00c,D46E5P17CMIE,SA,"Appointment #500000000",PAY_BY_INSTALMENTS,695,SAR,approved,0,0,0,*********999,cust********mple.com,"2025-11-27 18:27:35","2025-11-27 19:40:16",D46E5P17CMIE,,3,,Naqi
73e34cc1-dc5a-49c5-a46c-8133517f51dd,WHMLIHLLPJHZ,SA,"Appointment #500000000",PAY_BY_INSTALMENTS,379,SAR,approved,0,0,0,*********650,cust********mple.com,"2025-11-27 18:21:17","2025-11-27 19:30:07",WHMLIHLLPJHZ,,4,,Naqi
bd00a35c-1d5b-462b-b2e2-b646a19ce977,GG4WQEVGW3KK,SA,"Appointment #500000000",PAY_BY_INSTALMENTS,834,SAR,approved,0,0,0,*********482,cust********mple.com,"2025-11-27 18:18:49","2025-11-27 19:59:35",GG4WQEVGW3KK,,6,,Naqi
437dc6dd-c770-489e-bf6f-1b2f842307a6,44CRNZYFTACC,SA,"Appointment #500000000",PAY_BY_INSTALMENTS,339,SAR,approved,0,0,0,*********646,cust********mple.com,"2025-11-27 18:18:04","2025-11-27 19:55:05",44CRNZYFTACC,,4,,Naqi
fc4f7c90-2178-43f1-876f-03dbd7e4cc36,IDSSEAGO8WHF,SA,"Appointment #500000000",PAY_BY_INSTALMENTS,799,SAR,approved,0,0,0,*********194,cust********mple.com,"2025-11-27 18:17:31","2025-11-27 22:17:44",IDSSEAGO8WHF,,6,,Naqi
2497fffb-a2b2-4287-9471-28a2951e1907,48RRXDCCM0AH,SA,"Appointment #500000000",PAY_BY_INSTALMENTS,200,SAR,approved,0,0,0,*********446,cust********mple.com,"2025-11-27 18:06:37","2025-11-27 19:43:59",48RRXDCCM0AH,,4,,Naqi
85671082-5e01-425f-9d2f-97cae730248d,27ANPSSEN6TF,SA,"Appointment #500000000",PAY_BY_INSTALMENTS,1398,SAR,approved,0,0,0,*********661,cust********mple.com,"2025-11-27 18:05:20","2025-11-27 19:08:56",27ANPSSEN6TF,,6,,Naqi
37406997-3dcd-4d49-ae4f-8951690a310d,UUOPGTKWMTHR,SA,"Appointment #500000000",PAY_BY_INSTALMENTS,799,SAR,approved,0,0,0,*********903,cust********mple.com,"2025-11-27 18:01:30","2025-11-27 22:04:48",UUOPGTKWMTHR,,4,,Naqi
cf518fbf-58af-497d-b322-d68aeca81614,ULC9ZAML0O5A,SA,"Appointment #500000000",PAY_BY_INSTALMENTS,1498,SAR,approved,0,0,0,*********440,cust********mple.com,"2025-11-27 17:52:50","2025-11-27 21:47:51",ULC9ZAML0O5A,,6,,Naqi
e9a38b51-a473-45ba-8c58-d00fe7b4cbdc,TVY3HFOHIHJZ,SA,"Appointment #500000000",PAY_BY_INSTALMENTS,339,SAR,approved,0,0,0,*********526,cust********mple.com,"2025-11-27 17:50:08","2025-11-27 19:29:25",TVY3HFOHIHJZ,,4,,Naqi
96d383da-5272-440f-ad0b-7e5af1668d0f,ZGEJJNWBGWCT,SA,"Appointment #500000000",PAY_BY_INSTALMENTS,799,SAR,approved,0,0,0,*********336,cust********mple.com,"2025-11-27 17:49:03","2025-11-27 18:54:24",ZGEJJNWBGWCT,,6,,Naqi
38dcfb98-ae26-465c-b621-d3056aa4d2b0,D8EQ7PHLB1ZO,SA,"Appointment #500000000",PAY_BY_INSTALMENTS,129,SAR,approved,0,0,0,*********842,cust********mple.com,"2025-11-27 17:27:17","2025-11-27 19:05:33",D8EQ7PHLB1ZO,,4,,Naqi
52eddc97-eb8e-4a1f-8fb3-705d06b67f52,A9QRNLU1FYMM,SA,"Appointment #500000000",PAY_BY_INSTALMENTS,799,SAR,approved,0,0,0,*********197,cust********mple.com,"2025-11-27 17:27:09","2025-11-27 19:04:12",A9QRNLU1FYMM,,6,,Naqi
7c6c6f41-2b5e-482b-a93f-32a6ae0d5f37,UK7I7T1I8AZS,SA,"Appointment #500000000",PAY_BY_INSTALMENTS,259,SAR,approved,0,0,0,*********480,cust********mple.com,"2025-11-27 17:18:10","2025-11-27 18:55:23",UK7I7T1I8AZS,,4,,Naqi
deb91528-730c-45a5-a2d4-00e1bbc681a9,JU7DSZABODHD,SA,"Appointment #500000000",PAY_BY_FINANCE,2768,SAR,approved,0,0,0,*********915,cust********mple.com,"2025-11-27 17:09:03","2025-11-27 18:09:03",JU7DSZABODHD,,6,,Naqi
5e02e1e8-1d4e-4489-90b2-2117beb63487,0CGBAV2SKHBG,SA,"Appointment #500000000",PAY_BY_INSTALMENTS,834,SAR,approved,0,0,0,*********091,cust********mple.com,"2025-11-27 17:09:00","2025-11-27 20:57:49",0CGBAV2SKHBG,,6,,Naqi
60a09434-77f7-424d-9e84-b1ab5ba5b32c,CSE0UU1SZ8UY,SA,"Appointment #500000000",PAY_BY_INSTALMENTS,259,SAR,approved,0,0,0,*********150,cust********mple.com,"2025-11-27 17:00:47","2025-11-27 20:44:59",CSE0UU1SZ8UY,,4,,Naqi
b2408834-297f-4486-94fc-c2b11a2ef7d1,WC9CPAXZJTSZ,SA,"Appointment #500000000",PAY_BY_INSTALMENTS,129,SAR,approved,0,0,0,*********476,cust********mple.com,"2025-11-27 16:58:42","2025-11-27 17:54:47",WC9CPAXZJTSZ,,4,,Naqi
2e43e2cf-4dae-43d2-98e6-fef05bb7078c,BKEBDIU5AP7A,SA,"Appointment #500000000",PAY_BY_INSTALMENTS,1299,SAR,approved,0,0,0,*********972,cust********mple.com,"2025-11-27 16:57:01","2025-11-27 18:29:32",BKEBDIU5AP7A,,4,,Naqi
984c1c6c-84d1-460e-bd73-73c7205d955d,DSUHNAWXJLSE,SA,"Appointment #500000000",PAY_BY_INSTALMENTS,799,SAR,approved,0,0,0,*********134,cust********mple.com,"2025-11-27 16:55:55","2025-11-27 17:52:37",DSUHNAWXJLSE,,6,,Naqi
15908236-f0f0-49be-bbca-a42c07ea5287,B2FAIWX4XIH8,SA,"Appointment #500000000","Pay in Full",695,SAR,approved,0,0,0,*********447,cust********mple.com,"2025-11-27 16:50:36","2025-11-27 20:32:05",B2FAIWX4XIH8,,,,Naqi
8435dfcf-a5e5-410b-a093-cb6d530deadd,DLXUWYHMPWSA,SA,"Appointment #500000000",PAY_BY_INSTALMENTS,259,SAR,approved,0,0,0,*********683,cust********mple.com,"2025-11-27 16:44:30","2025-11-27 17:38:38",DLXUWYHMPWSA,,4,,Naqi
2241e932-c4ea-4986-8b54-c7a1cd4746fd,9QDBFEKOAJKN,SA,"Appointment #500000000",PAY_BY_INSTALMENTS,799,SAR,approved,0,0,0,*********581,cust********mple.com,"2025-11-27 16:37:07","2025-11-27 17:31:56",9QDBFEKOAJKN,,6,,Naqi
a482c549-f6e7-4be0-94be-2b8d191c069f,Z2XOP9313XCN,SA,"Appointment #500000000",PAY_BY_INSTALMENTS,1448,SAR,approved,0,0,0,*********124,cust********mple.com,"2025-11-27 16:33:17","2025-11-27 20:39:54",Z2XOP9313XCN,,6,,Naqi
d190659f-ff47-409c-9605-07a4d29a1aa5,BXYMZGBFL4BG,SA,"Appointment #500000000",PAY_BY_INSTALMENTS,799,SAR,approved,0,0,0,*********154,cust********mple.com,"2025-11-27 16:27:57","2025-11-27 18:00:11",BXYMZGBFL4BG,,6,,Naqi
33b571c3-a971-43c1-8367-86e2a5c19899,B3E0OEXDJVVY,SA,"Appointment #500000000",PAY_BY_INSTALMENTS,695,SAR,approved,0,0,0,*********749,cust********mple.com,"2025-11-27 16:21:04","2025-11-27 17:11:16",B3E0OEXDJVVY,,4,,Naqi
1c2a9f66-6578-4c55-a17f-487bcb96deb7,URFXOW5NVLUQ,SA,"Appointment #500000000",PAY_BY_INSTALMENTS,379,SAR,approved,0,0,0,*********487,cust********mple.com,"2025-11-27 16:20:30","2025-11-27 20:00:43",URFXOW5NVLUQ,,4,,Naqi
2c99816e-c3ee-4b6c-9f61-5a6d1eb07744,RCLMATLYVDHT,SA,"Appointment #500000000",PAY_BY_INSTALMENTS,1299,SAR,approved,0,0,0,*********949,cust********mple.com,"2025-11-27 16:19:47","2025-11-27 17:50:07",RCLMATLYVDHT,,6,,Naqi
19b5788c-a3e1-41e9-8640-e4ae6e5dd39e,1D9RVA251ULM,SA,"Appointment #500000000",PAY_BY_INSTALMENTS,187,SAR,approved,0,0,0,*********964,cust********mple.com,"2025-11-27 16:18:29","2025-11-27 19:57:43",1D9RVA251ULM,,4,,Naqi
380b0df1-fd9a-4acf-90e7-8fa05461fe11,FLL3AS9FAGUY,SA,"Appointment #500000000",PAY_BY_INSTALMENTS,1448,SAR,approved,0,0,0,*********129,cust********mple.com,"2025-11-27 16:13:59","2025-11-27 17:10:24",FLL3AS9FAGUY,,6,,Naqi
38aac505-ad93-40ae-91c4-09c821b2caeb,W1WEXZY5NV4L,SA,"Appointment #500000000",PAY_BY_INSTALMENTS,599,SAR,approved,0,0,0,*********365,cust********mple.com,"2025-11-27 16:12:46","2025-11-27 17:01:39",W1WEXZY5NV4L,,4,,Naqi
0c2b5013-4f59-46c6-8d67-71693fc2b9ee,FPVGYDF5RFHU,SA,"Appointment #500000000",PAY_BY_INSTALMENTS,1498,SAR,approved,0,0,0,*********929,cust********mple.com,"2025-11-27 16:11:29","2025-11-27 16:59:59",FPVGYDF5RFHU,,6,,Naqi
19008759-0b9d-4106-b89d-6b2d5dbcd9af,G1NCENL4SMII,SA,"Appointment #500000000",PAY_BY_INSTALMENTS,259,SAR,approved,0,0,0,*********052,cust********mple.com,"2025-11-27 16:07:14","2025-11-27 17:37:16",G1NCENL4SMII,,4,,Naqi
aab2a392-4481-427d-9de2-c9851680ac2f,HZX3Y860I03M,SA,"Appointment #500000000",PAY_BY_INSTALMENTS,799,SAR,approved,0,0,0,*********993,cust********mple.com,"2025-11-27 15:57:30","2025-11-27 19:36:46",HZX3Y860I03M,,6,,Naqi
b0172bfe-c771-4623-989e-f98b10ccae6a,8G9PAXRDHDWA,SA,"Appointment #500000000",PAY_BY_INSTALMENTS,1449,SAR,approved,0,0,0,*********415,cust********mple.com,"2025-11-27 15:48:48","2025-11-27 16:34:08",8G9PAXRDHDWA,,6,,Naqi
e9032954-7aa7-45c7-b3cb-2d325b3e1d30,CV0744QBGCU5,SA,"Appointment #500000000",PAY_BY_INSTALMENTS,799,SAR,approved,0,0,0,*********612,cust********mple.com,"2025-11-27 15:47:54","2025-11-27 19:26:00",CV0744QBGCU5,,6,,Naqi
890973ff-ff39-450b-8af0-7587f33715ee,4ZKMEPMHAECF,SA,"Appointment #500000000",PAY_BY_INSTALMENTS,899,SAR,approved,0,0,0,*********292,cust********mple.com,"2025-11-27 15:47:50","2025-11-27 16:33:35",4ZKMEPMHAECF,,6,,Naqi
1f1b50ca-9928-401a-bdc7-96b58b9ceb9f,5WJEW57UNM50,SA,"Appointment #500000000",PAY_BY_INSTALMENTS,434,SAR,approved,0,0,0,*********991,cust********mple.com,"2025-11-27 15:42:36","2025-11-27 17:10:44",5WJEW57UNM50,,4,,Naqi
7841aa6c-8472-4ba5-9637-ddaf35b89ae5,OWOQRTQGTY6V,SA,"Appointment #500000000",PAY_BY_INSTALMENTS,695,SAR,approved,0,0,0,*********424,cust********mple.com,"2025-11-27 15:37:37","2025-11-27 19:15:15",OWOQRTQGTY6V,,4,,Naqi
ce10328b-f443-48c8-925b-4ba5850d1140,KY6JEUYA8EMM,SA,"Appointment #500000000",PAY_BY_INSTALMENTS,1478,SAR,approved,0,0,0,*********628,cust********mple.com,"2025-11-27 15:37:35","2025-11-27 16:34:46",KY6JEUYA8EMM,,6,,Naqi
ea207e64-4152-401d-81e3-a856c20e46be,KDYXB0G1YWIG,SA,"Appointment #500000000",PAY_BY_INSTALMENTS,379,SAR,approved,0,0,0,*********928,cust********mple.com,"2025-11-27 15:13:24","2025-11-27 16:29:28",KDYXB0G1YWIG,,4,,Naqi
73f170bc-1f28-444f-a77b-126e07a98360,IHMYO25ZS6F3,SA,"Appointment #500000000",PAY_BY_INSTALMENTS,1648,SAR,approved,0,0,0,*********956,cust********mple.com,"2025-11-27 15:10:42","2025-11-27 15:56:11",IHMYO25ZS6F3,,6,,Naqi
43eae0c7-a28f-4ee8-90ff-9d785ac5b086,KBXEXLXVBMEB,SA,"Appointment #500000000",PAY_BY_INSTALMENTS,1399,SAR,approved,0,0,0,*********011,cust********mple.com,"2025-11-27 14:58:09","2025-11-27 15:38:11",KBXEXLXVBMEB,,6,,Naqi
e8965f39-94ca-4c3a-9860-a90c5dea22a8,C8CWDQDGRLWB,SA,"Appointment #500000000",PAY_BY_INSTALMENTS,699,SAR,approved,0,0,0,*********118,cust********mple.com,"2025-11-27 14:54:30","2025-11-27 18:27:46",C8CWDQDGRLWB,,4,,Naqi
89c3c617-3a2c-48a4-b5c2-e3a4053d3244,N2FAOASMU6OS,SA,"Appointment #500000000",PAY_BY_INSTALMENTS,379,SAR,approved,0,0,0,*********947,cust********mple.com,"2025-11-27 14:54:14","2025-11-27 18:28:30",N2FAOASMU6OS,,4,,Naqi
37d94a20-0987-44e4-871b-8b800206b2ca,HN05ERADVU9Y,SA,"Appointment #500000000",PAY_BY_INSTALMENTS,1449,SAR,approved,0,0,0,*********141,cust********mple.com,"2025-11-27 14:53:46","2025-11-27 18:32:06",HN05ERADVU9Y,,4,,Naqi
5f52dadc-7a87-4633-9da1-4e703ae6fc4c,1DHFKEHH7UZ5,SA,"Appointment #500000000",PAY_BY_INSTALMENTS,1349,SAR,approved,0,0,0,*********450,cust********mple.com,"2025-11-27 14:50:31","2025-11-27 15:28:15",1DHFKEHH7UZ5,,6,,Naqi
2da48aad-67a5-4a8c-8cef-025bceb63b3c,LGHCQGGYQANG,SA,"Appointment #500000000",PAY_BY_INSTALMENTS,1349,SAR,approved,0,0,0,*********568,cust********mple.com,"2025-11-27 14:49:09","2025-11-27 18:23:44",LGHCQGGYQANG,,6,,Naqi
f0d466a5-2b4d-4200-b499-1dfea664bc3f,JXLVNAKFUZT1,SA,"Appointment #500000000",PAY_BY_INSTALMENTS,379,SAR,approved,0,0,0,*********277,cust********mple.com,"2025-11-27 14:48:00","2025-11-27 18:28:12",JXLVNAKFUZT1,,4,,Naqi
2363b2ed-6eb8-41ce-8a3d-de090a50667e,TOGOQCXGYV4F,SA,"Appointment #500000000",PAY_BY_INSTALMENTS,1099,SAR,approved,0,0,0,*********544,cust********mple.com,"2025-11-27 14:44:17","2025-11-27 15:24:15",TOGOQCXGYV4F,,3,,Naqi
b170ac23-51fd-4e99-8b2f-c4f8467adb81,BOD4EPIWVBG5,SA,"Appointment #500000000",PAY_BY_INSTALMENTS,799,SAR,approved,0,0,0,*********070,cust********mple.com,"2025-11-27 14:42:46","2025-11-27 18:28:56",BOD4EPIWVBG5,,4,,Naqi
cc777745-a510-4f26-adcc-90860ec00c0a,AJVY1YMVLVXZ,SA,"Appointment #500000000",PAY_BY_INSTALMENTS,379,SAR,approved,0,0,0,*********020,cust********mple.com,"2025-11-27 14:42:23","2025-11-27 18:15:29",AJVY1YMVLVXZ,,4,,Naqi
edcd4cda-b9de-4aa8-9402-82c1292280d2,CC3BWPNJS1X9,SA,"Appointment #500000000",PAY_BY_INSTALMENTS,379,SAR,approved,0,0,0,*********335,cust********mple.com,"2025-11-27 14:40:29","2025-11-27 15:49:11",CC3BWPNJS1X9,,4,,Naqi
2a1f33fc-6bc0-4f22-be98-b366e502d9c2,JWUOBJQMGQI6,SA,"Appointment #500000000",PAY_BY_INSTALMENTS,799,SAR,approved,0,0,0,*********781,cust********mple.com,"2025-11-27 14:34:41","2025-11-27 18:06:48",JWUOBJQMGQI6,,6,,Naqi
9a4e55e4-4158-485e-8505-f637403bdcbe,5DWKQANGK9PW,SA,"Appointment #500000000",PAY_BY_INSTALMENTS,799,SAR,approved,0,0,0,*********313,cust********mple.com,"2025-11-27 14:34:24","2025-11-27 18:09:01",5DWKQANGK9PW,,6,,Naqi
2dfa97f5-79e0-4207-8ad2-582aefdffd7c,5NQICNQPZ8KE,SA,"Appointment #500000000",PAY_BY_INSTALMENTS,1484,SAR,approved,0,0,0,*********348,cust********mple.com,"2025-11-27 14:32:20","2025-11-27 15:03:24",5NQICNQPZ8KE,,6,,Naqi
dba2bde9-0524-42b2-a374-7bac45ba4bd1,34QR3WTRWK2S,SA,"Appointment #500000000",PAY_BY_INSTALMENTS,259,SAR,approved,0,0,0,*********749,cust********mple.com,"2025-11-27 14:32:13","2025-11-27 15:37:45",34QR3WTRWK2S,,4,,Naqi
3a1d444b-bb12-4836-baf5-57354af15f43,TLOOTASMONLQ,SA,"Appointment #500000000",PAY_BY_INSTALMENTS,1299,SAR,approved,0,0,0,*********177,cust********mple.com,"2025-11-27 14:32:00","2025-11-27 15:41:38",TLOOTASMONLQ,,6,,Naqi
236607ad-cef9-433b-8f1c-102a9f951e61,WAGDPF6SN54Z,SA,"Appointment #500000000",PAY_BY_INSTALMENTS,1299,SAR,approved,0,0,0,*********355,cust********mple.com,"2025-11-27 14:30:51","2025-11-27 15:37:50",WAGDPF6SN54Z,,6,,Naqi
3f199b13-9f3c-4ca9-b8c6-cec7810ee58c,UOD9HEZ6S1BQ,SA,"Appointment #500000000",PAY_BY_INSTALMENTS,234,SAR,approved,0,0,0,*********513,cust********mple.com,"2025-11-27 14:30:20","2025-11-27 15:00:21",UOD9HEZ6S1BQ,,3,,Naqi
3930d586-37b4-4732-b4f0-995b19d65932,TYGI9LKCD66A,SA,"Appointment #500000000",PAY_BY_INSTALMENTS,1099,SAR,approved,0,0,0,*********320,cust********mple.com,"2025-11-27 14:30:08","2025-11-27 15:34:42",TYGI9LKCD66A,,6,,Naqi
6e1a84ba-6dac-4730-b3a9-bb19a1203707,FKHWZHVI4ZBS,SA,"Appointment #500000000",PAY_BY_INSTALMENTS,899,SAR,approved,0,0,0,*********715,cust********mple.com,"2025-11-27 14:26:04","2025-11-27 14:56:11",FKHWZHVI4ZBS,,6,,Naqi
85e33287-02e9-4431-b4e6-ef830cf4ce25,GYAZNZTYJHJH,SA,"Appointment #500000000",PAY_BY_INSTALMENTS,1499,SAR,approved,0,0,0,*********354,cust********mple.com,"2025-11-27 14:17:55","2025-11-27 15:17:16",GYAZNZTYJHJH,,6,,Naqi
faa8fe0f-62a2-4caa-aa62-d179388fb4c1,NXVSVU5J3DUB,SA,"Appointment #500000000",PAY_BY_INSTALMENTS,1299,SAR,approved,0,0,0,*********649,cust********mple.com,"2025-11-27 14:09:34","2025-11-27 17:37:13",NXVSVU5J3DUB,,6,,Naqi
f296f6e4-3dfc-455d-ba20-68fe008c41cb,BT2APUF4Y5WD,SA,"Appointment #500000000",PAY_BY_INSTALMENTS,799,SAR,approved,0,0,0,*********522,cust********mple.com,"2025-11-27 14:08:55","2025-11-27 17:36:40",BT2APUF4Y5WD,,6,,Naqi
def74077-510f-4bca-a811-5d0100ef6794,Z9PIZIRSGTYK,SA,"Appointment #500000000",PAY_BY_INSTALMENTS,129,SAR,approved,0,0,0,*********828,cust********mple.com,"2025-11-27 14:06:05","2025-11-27 17:33:14",Z9PIZIRSGTYK,,4,,Naqi
bae22421-2b8d-4492-a677-409af3d153a9,CMAUAVD73N15,SA,"Appointment #500000000",PAY_BY_INSTALMENTS,799,SAR,approved,0,0,0,*********575,cust********mple.com,"2025-11-27 14:01:04","2025-11-27 14:32:07",CMAUAVD73N15,,6,,Naqi
37164dd5-0e8a-45fe-84c1-1ff4dc947cba,DMMSENURKCWJ,SA,"Appointment #500000000",PAY_BY_INSTALMENTS,799,SAR,approved,0,0,0,*********707,cust********mple.com,"2025-11-27 13:57:01","2025-11-27 17:21:49",DMMSENURKCWJ,,6,,Naqi
4a47c7f5-2546-4ea5-b761-7f8c739f00f2,QWZQZQHIQ6YM,SA,"Appointment #500000000",PAY_BY_INSTALMENTS,1798,SAR,approved,0,0,0,*********330,cust********mple.com,"2025-11-27 13:53:28","2025-11-27 14:31:00",QWZQZQHIQ6YM,,6,,Naqi
5cdd18da-0af7-452a-b649-bbcaf0865597,MBJ3CYLCG7BZ,SA,"Appointment #500000000",PAY_BY_INSTALMENTS,799,SAR,approved,0,0,0,*********222,cust********mple.com,"2025-11-27 13:48:08","2025-11-27 14:51:44",MBJ3CYLCG7BZ,,6,,Naqi
52c7a951-1962-4e7e-8858-48ec9148684f,FXDOGCRBTCDM,SA,"Appointment #500000000",PAY_BY_INSTALMENTS,599,SAR,approved,0,0,0,*********718,cust********mple.com,"2025-11-27 13:45:34","2025-11-27 14:46:22",FXDOGCRBTCDM,,4,,Naqi
8fe8ba59-176b-456a-9b8f-158591fb14be,UUZWSCVWIA7Y,SA,"Appointment #500000000",PAY_BY_INSTALMENTS,1299,SAR,approved,0,0,0,*********814,cust********mple.com,"2025-11-27 13:45:11","2025-11-27 17:08:25",UUZWSCVWIA7Y,,6,,Naqi
67f9fd08-fd23-4e91-bcf6-86fd52fe4764,K8LVWG9VHII9,SA,"Appointment #500000000",PAY_BY_INSTALMENTS,1349,SAR,approved,0,0,0,*********501,cust********mple.com,"2025-11-27 13:44:56","2025-11-27 17:08:39",K8LVWG9VHII9,,6,,Naqi
1c5d74a7-6bef-40ab-9efb-2b9b9eeeb6b9,ESKEUCEWYOYC,SA,"Appointment #500000000",PAY_BY_INSTALMENTS,1299,SAR,approved,0,0,0,*********458,cust********mple.com,"2025-11-27 13:37:25","2025-11-27 16:58:03",ESKEUCEWYOYC,,4,,Naqi
327ef295-80bd-4840-80fb-28ebc06c40df,PBY3OJEJVYLE,SA,"Appointment #500000000",PAY_BY_INSTALMENTS,1349,SAR,approved,0,0,0,*********688,cust********mple.com,"2025-11-27 13:32:58","2025-11-27 16:57:18",PBY3OJEJVYLE,,6,,Naqi
149eee2f-5c6f-4a87-9ea8-702aab15d144,DTEAWJJRFJNU,SA,"Appointment #500000000",PAY_BY_INSTALMENTS,1349,SAR,approved,0,0,0,*********222,cust********mple.com,"2025-11-27 13:29:27","2025-11-27 14:00:06",DTEAWJJRFJNU,,6,,Naqi
6fe59812-6342-46fb-b769-6bb78a5cc426,BFQHV9NMX9AU,SA,"Appointment #500000000",PAY_BY_INSTALMENTS,1364,SAR,approved,0,0,0,*********423,cust********mple.com,"2025-11-27 13:28:24","2025-11-27 14:04:20",BFQHV9NMX9AU,,6,,Naqi
de36c0d8-be88-449c-87b3-cbfe06a0b6ca,IWS4BUGQY2K8,SA,"Appointment #500000000",PAY_BY_INSTALMENTS,1299,SAR,approved,0,0,0,*********167,cust********mple.com,"2025-11-27 13:24:52","2025-11-27 14:23:45",IWS4BUGQY2K8,,6,,Naqi
997cee6c-681e-4fdc-add6-1ed33e266bf9,GM9S4TBRGFHU,SA,"Appointment #500000000",PAY_BY_INSTALMENTS,259,SAR,approved,0,0,0,*********227,cust********mple.com,"2025-11-27 13:21:39","2025-11-27 14:22:12",GM9S4TBRGFHU,,4,,Naqi
ee155ef2-ad55-423d-9ceb-c7f3194aa613,UFMZBOYLWU2H,SA,"Appointment #500000000",PAY_BY_INSTALMENTS,799,SAR,approved,0,0,0,*********414,cust********mple.com,"2025-11-27 13:00:21","2025-11-27 13:41:57",UFMZBOYLWU2H,,6,,Naqi
46e14a25-27b0-4582-bc3b-646e3451d148,O2SREHGSEYLG,SA,"Appointment #500000000",PAY_BY_INSTALMENTS,479,SAR,approved,0,0,0,*********507,cust********mple.com,"2025-11-27 12:52:11","2025-11-27 15:54:24",O2SREHGSEYLG,,4,,Naqi
c4a5c4b8-5463-4960-aa51-fe54518ac169,YISLYTLHUCMO,SA,"Appointment #500000000",PAY_BY_INSTALMENTS,699,SAR,approved,0,0,0,*********166,cust********mple.com,"2025-11-27 12:35:43","2025-11-27 13:09:52",YISLYTLHUCMO,,4,,Naqi
88409d95-32d2-46a4-bc20-0f5e3b7a62b4,D346PAUMLZYD,SA,"Appointment #500000000",PAY_BY_INSTALMENTS,1299,SAR,approved,0,0,0,*********611,cust********mple.com,"2025-11-27 12:32:43","2025-11-27 13:29:06",D346PAUMLZYD,,6,,Naqi
3be48760-2a28-43f9-807f-f72cb6ece79c,8KO1SN7CDNBV,SA,"Appointment #500000000",PAY_BY_INSTALMENTS,1299,SAR,approved,0,0,0,*********770,cust********mple.com,"2025-11-27 12:31:48","2025-11-27 12:57:55",8KO1SN7CDNBV,,6,,Naqi
441d4ddc-23f9-40d3-9277-0bec1d8f0873,HPP3SKYRPDF9,SA,"Appointment #500000000","Pay in Full",129,SAR,approved,0,0,0,*********145,cust********mple.com,"2025-11-27 12:20:11","2025-11-27 13:16:39",HPP3SKYRPDF9,,,,Naqi
b0c92fbd-074a-414f-b0be-7b4f1dc0c67d,OLOBGHZWTOIT,SA,"Appointment #500000000",PAY_BY_INSTALMENTS,695,SAR,approved,0,0,0,*********589,cust********mple.com,"2025-11-27 12:17:29","2025-11-27 15:05:43",OLOBGHZWTOIT,,4,,Naqi
f906f36f-3f32-45d1-9ddf-5fae0c537134,Z4XNWPQRTIE2,SA,"Appointment #500000000",PAY_BY_INSTALMENTS,454,SAR,approved,0,0,0,*********267,cust********mple.com,"2025-11-27 12:16:30","2025-11-27 12:41:08",Z4XNWPQRTIE2,,3,,Naqi
1503ef5f-ea8e-4542-8bcb-feda7d6067ea,1ZRDNKGZE8IJ,SA,"Appointment #500000000",PAY_BY_INSTALMENTS,259,SAR,approved,0,0,0,*********651,cust********mple.com,"2025-11-27 12:12:14","2025-11-27 12:39:51",1ZRDNKGZE8IJ,,4,,Naqi
f3e95b5b-74d4-4235-bd7a-4a3e06fe86a8,NWR9BZMPAEYL,SA,"Appointment #500000000",PAY_BY_INSTALMENTS,599,SAR,approved,0,0,0,*********707,cust********mple.com,"2025-11-27 12:08:57","2025-11-27 14:53:47",NWR9BZMPAEYL,,4,,Naqi
c9583427-fbd3-41c9-b81b-6281e6bcb700,S23PVPCHL2SK,SA,"Appointment #500000000",PAY_BY_INSTALMENTS,259,SAR,approved,0,0,0,*********681,cust********mple.com,"2025-11-27 11:46:14","2025-11-27 12:09:48",S23PVPCHL2SK,,4,,Naqi
8cb66227-4c17-4b09-9caa-e8403a4feb05,Q6Q4FZOCVBBE,SA,"Appointment #500000000",PAY_BY_INSTALMENTS,1799,SAR,approved,0,0,0,*********661,cust********mple.com,"2025-11-26 22:49:38","2025-11-26 22:52:02",Q6Q4FZOCVBBE,,6,,Naqi
8f32e359-c458-45c5-a7af-20097f7d56df,BDVRQZSLWQGD,SA,"Appointment #500000000",PAY_BY_INSTALMENTS,949,SAR,approved,0,0,0,*********288,cust********mple.com,"2025-11-26 21:44:02","2025-11-26 21:45:51",BDVRQZSLWQGD,,6,,Naqi
1b9f0078-3f3f-40d3-ac3c-59ad35836104,ZZIUCDPLLNL1,SA,"Appointment #500000000",PAY_BY_INSTALMENTS,129,SAR,approved,0,0,0,*********475,cust********mple.com,"2025-11-26 20:49:21","2025-11-26 20:51:20",ZZIUCDPLLNL1,,4,,Naqi
6c1dcc2b-896d-43e3-8ece-e3736e7c21ee,M3QBMC1KGSIB,SA,"Appointment #500000000",PAY_BY_INSTALMENTS,1299,SAR,approved,0,0,0,*********502,cust********mple.com,"2025-11-26 20:48:23","2025-11-26 20:51:41",M3QBMC1KGSIB,,6,,Naqi
40d9dc85-2643-4c5b-a1af-8cc13180fd57,FENS7MBDBZW3,SA,"Appointment #500000000",PAY_BY_INSTALMENTS,1349,SAR,approved,0,0,0,*********557,cust********mple.com,"2025-11-26 20:46:54","2025-11-26 20:50:12",FENS7MBDBZW3,,4,,Naqi
f3f6ba63-864c-4d4f-85e0-589ec85bb919,R3TRZCNUREEH,SA,"Appointment #500000000",PAY_BY_INSTALMENTS,259,SAR,approved,0,0,0,*********639,cust********mple.com,"2025-11-26 20:46:31","2025-11-26 20:48:33",R3TRZCNUREEH,,4,,Naqi
1128fd8a-0d7f-4305-8db6-ec1ab2f8efe2,SB36EJFVWEDH,SA,"Appointment #500000000",PAY_BY_INSTALMENTS,934,SAR,approved,0,0,0,*********196,cust********mple.com,"2025-11-26 20:41:51","2025-11-26 20:45:43",SB36EJFVWEDH,,4,,Naqi
49fdc80e-2ac8-4084-8936-42d5de0185f7,LCP60URDKM1S,SA,"Appointment #500000000",PAY_BY_INSTALMENTS,834,SAR,approved,0,0,0,*********073,cust********mple.com,"2025-11-26 20:30:13","2025-11-26 20:37:16",LCP60URDKM1S,,6,,Naqi
9d069d41-0196-4110-80a8-36c0ebaa2fe3,EYP11MHDVSCQ,SA,"Appointment #500000000",PAY_BY_INSTALMENTS,1399,SAR,approved,0,0,0,*********147,cust********mple.com,"2025-11-26 20:25:05","2025-11-26 20:27:52",EYP11MHDVSCQ,,6,,Naqi
0004e238-ece5-41c1-a744-4c9ecb20553e,LZLRMQHQXSA8,SA,"Appointment #500000000",PAY_BY_INSTALMENTS,799,SAR,approved,0,0,0,*********858,cust********mple.com,"2025-11-26 20:17:04","2025-11-26 20:19:42",LZLRMQHQXSA8,,6,,Naqi
84052fd7-ff93-4950-af74-55de7e065107,ISZJSXS4A39W,SA,"Appointment #500000000",PAY_BY_INSTALMENTS,799,SAR,approved,0,0,0,*********338,cust********mple.com,"2025-11-26 19:53:32","2025-11-26 19:57:07",ISZJSXS4A39W,,4,,Naqi
fcc3fbcd-38ba-451a-98b1-88e119a43d2c,XQ1SP4U4HT8L,SA,"Appointment #500000000",PAY_BY_INSTALMENTS,439,SAR,approved,0,0,0,*********033,cust********mple.com,"2025-11-26 19:34:48","2025-11-26 19:36:39",XQ1SP4U4HT8L,,4,,Naqi
31f089f7-4778-483b-98ee-78c93a8f3835,5OVU4HDMWI2F,SA,"Appointment #500000000",PAY_BY_INSTALMENTS,1349,SAR,approved,0,0,0,*********514,cust********mple.com,"2025-11-26 18:57:05","2025-11-26 19:01:36",5OVU4HDMWI2F,,6,,Naqi
a878a940-809c-442c-aa3a-6619546753e7,VIHDEMQCIXF4,SA,"Appointment #500000000",PAY_BY_FINANCE,2548,SAR,approved,0,0,0,*********584,cust********mple.com,"2025-11-26 18:32:13","2025-11-26 18:34:29",VIHDEMQCIXF4,,4,,Naqi
3be892bf-31f0-4cd5-8214-f0b62af20c92,J40J9T6XRRNQ,SA,"Appointment #500000000",PAY_BY_INSTALMENTS,799,SAR,approved,0,0,0,*********118,cust********mple.com,"2025-11-26 18:31:16","2025-11-26 18:39:12",J40J9T6XRRNQ,,6,,Naqi
706a2263-992c-4c81-847b-ffefa2256628,17RVF3AWNX7Y,SA,"Appointment #500000000",PAY_BY_INSTALMENTS,799,SAR,approved,0,0,0,*********940,cust********mple.com,"2025-11-26 18:28:33","2025-11-26 18:35:05",17RVF3AWNX7Y,,6,,Naqi
1518245d-60c7-486c-aeb6-a169a8435612,YKERKWUQ2KXO,SA,"Appointment #500000000",PAY_BY_INSTALMENTS,204,SAR,approved,0,0,0,*********064,cust********mple.com,"2025-11-26 18:28:00","2025-11-26 18:31:18",YKERKWUQ2KXO,,4,,Naqi
30edf293-7fec-4ed1-8d1d-2eddd9ae52ec,W0M5HHSMHXK0,SA,"Appointment #500000000",PAY_BY_INSTALMENTS,129,SAR,approved,0,0,0,*********415,cust********mple.com,"2025-11-26 18:11:14","2025-11-26 18:27:50",W0M5HHSMHXK0,,4,,Naqi
05089a8d-9057-405c-becf-8324d9e393f6,YYGR2RR0BKYD,SA,"Appointment #500000000",PAY_BY_INSTALMENTS,499,SAR,approved,0,0,0,*********767,cust********mple.com,"2025-11-26 18:08:57","2025-11-26 18:10:53",YYGR2RR0BKYD,,4,,Naqi
e2a9bf09-e371-4e75-b1c7-35ceee162c55,ZRKEGQY4PCPP,SA,"Appointment #500000000",PAY_BY_INSTALMENTS,1399,SAR,approved,0,0,0,*********900,cust********mple.com,"2025-11-26 17:48:23","2025-11-26 17:53:03",ZRKEGQY4PCPP,,4,,Naqi
35b196b0-9a8c-4382-b927-c8f2e99672cf,16K94OF1QACO,SA,"Appointment #500000000",PAY_BY_INSTALMENTS,129,SAR,approved,0,0,0,*********566,cust********mple.com,"2025-11-26 16:54:40","2025-11-26 16:56:04",16K94OF1QACO,,3,,Naqi
f3c6ab5c-67ce-45d0-9215-f9afc6b7b097,CE9HAKDNOK46,SA,"Appointment #500000000",PAY_BY_INSTALMENTS,259,SAR,approved,0,0,0,*********676,cust********mple.com,"2025-11-26 16:39:08","2025-11-26 16:43:51",CE9HAKDNOK46,,4,,Naqi
6ff1cab0-41c4-4514-9476-4faa148ce214,DAE2GFRGT9OK,SA,"Appointment #500000000","Pay in Full",899,SAR,approved,0,0,0,*********890,cust********mple.com,"2025-11-26 16:25:36","2025-11-26 16:29:51",DAE2GFRGT9OK,,,,Naqi
0807dc57-80cd-40c1-b593-9bf8b8ce4c77,STXFOIE32W9W,SA,"Appointment #500000000",PAY_BY_INSTALMENTS,1299,SAR,approved,0,0,0,*********684,cust********mple.com,"2025-11-26 16:25:35","2025-11-26 16:27:24",STXFOIE32W9W,,6,,Naqi
344ab7af-deff-4211-863c-75a894766203,IV6JDFSBQJVL,SA,"Appointment #500000000",PAY_BY_INSTALMENTS,1399,SAR,approved,0,0,0,*********107,cust********mple.com,"2025-11-26 15:56:53","2025-11-26 16:05:24",IV6JDFSBQJVL,,4,,Naqi
b5750368-d76f-4ec3-a9e7-dc55505b5196,37UQDPCTNEWE,SA,"Appointment #500000000",PAY_BY_INSTALMENTS,695,SAR,approved,0,0,0,*********645,cust********mple.com,"2025-11-26 15:40:27","2025-11-26 15:42:36",37UQDPCTNEWE,,4,,Naqi
78874b9f-03b7-4e4d-927d-c63ec6828a80,U1ZYFD4HZNJI,SA,"Appointment #500000000",PAY_BY_INSTALMENTS,379,SAR,approved,0,0,0,*********628,cust********mple.com,"2025-11-26 15:25:56","2025-11-26 15:28:26",U1ZYFD4HZNJI,,4,,Naqi
577cb13e-3465-471b-9f43-7baa3ff3b854,XPRXK4SV54UP,SA,"Appointment #500000000",PAY_BY_INSTALMENTS,129,SAR,approved,0,0,0,*********099,cust********mple.com,"2025-11-26 15:04:53","2025-11-26 15:06:33",XPRXK4SV54UP,,4,,Naqi
78d11d68-e449-4619-a1f0-06342702ad13,YNYEKSXYPRXA,SA,"Appointment #500000000",PAY_BY_INSTALMENTS,695,SAR,approved,0,0,0,*********929,cust********mple.com,"2025-11-26 15:02:27","2025-11-26 15:04:00",YNYEKSXYPRXA,,4,,Naqi
8a4ffe82-2192-41cb-a434-d77e005f033e,OWPWME9UZ6OW,SA,"Appointment #500000000",PAY_BY_INSTALMENTS,258,SAR,approved,0,0,0,*********532,cust********mple.com,"2025-11-26 15:02:10","2025-11-26 15:04:17",OWPWME9UZ6OW,,4,,Naqi
0951dedf-7bb2-4557-9801-e47b84b7e0a7,BFONS6K8GBFW,SA,"Appointment #500000000",PAY_BY_INSTALMENTS,1199,SAR,approved,0,0,0,*********311,cust********mple.com,"2025-11-26 15:01:42","2025-11-26 15:07:44",BFONS6K8GBFW,,6,,Naqi
f55f5ec6-3d6a-4ebe-a1d4-9156d527a57a,9TVQKW9HJPFP,SA,"Appointment #500000000",PAY_BY_INSTALMENTS,549,SAR,approved,0,0,0,*********910,cust********mple.com,"2025-11-26 15:01:29","2025-11-26 15:04:15",9TVQKW9HJPFP,,4,,Naqi
82bb17e4-8215-49e9-a781-ac9e9a669f18,KNDA89Z5EMG7,SA,"Appointment #500000000",PAY_BY_INSTALMENTS,899,SAR,approved,0,0,0,*********201,cust********mple.com,"2025-11-26 14:59:05","2025-11-26 15:08:47",KNDA89Z5EMG7,,6,,Naqi
2aa03d40-278a-4203-827d-f643d3ff2ead,ELS4TQUFLVPW,SA,"Appointment #500000000",PAY_BY_INSTALMENTS,599,SAR,approved,0,0,0,*********405,cust********mple.com,"2025-11-26 14:49:38","2025-11-26 14:51:36",ELS4TQUFLVPW,,4,,Naqi
66fb9c0b-0bb6-46bc-b42f-ca6946af1c02,ET08L9ABG63X,SA,"Appointment #500000000",PAY_BY_INSTALMENTS,799,SAR,approved,0,0,0,*********977,cust********mple.com,"2025-11-26 14:44:04","2025-11-26 14:52:08",ET08L9ABG63X,,6,,Naqi
5cfda775-217a-40f9-8d6c-cb37ae7d0da3,PYVRXN8EXHSH,SA,"Appointment #500000000",PAY_BY_INSTALMENTS,259,SAR,approved,0,0,0,*********498,cust********mple.com,"2025-11-26 14:43:09","2025-11-26 14:52:30",PYVRXN8EXHSH,,4,,Naqi
7a44cc92-b6c7-429c-bc0c-e02ac72022f6,7XMZ6LXVLYZ5,SA,"Appointment #500000000",PAY_BY_INSTALMENTS,695,SAR,approved,0,0,0,*********118,cust********mple.com,"2025-11-26 14:12:34","2025-11-26 14:17:59",7XMZ6LXVLYZ5,,4,,Naqi
4a338c96-3da4-4ba4-b247-e2627b012358,1IGLKHBMTY8C,SA,"Appointment #500000000",PAY_BY_INSTALMENTS,1099,SAR,approved,0,0,0,*********007,cust********mple.com,"2025-11-26 13:49:31","2025-11-26 13:51:26",1IGLKHBMTY8C,,6,,Naqi
e7869a34-e951-46d3-9593-a46921b7ab6d,H7BKDKGJDSVN,SA,"Appointment #500000000",PAY_BY_INSTALMENTS,899,SAR,approved,0,0,0,*********946,cust********mple.com,"2025-11-26 13:47:26","2025-11-26 13:52:47",H7BKDKGJDSVN,,6,,Naqi
d10be734-8e8f-4ce7-9388-69bfbc4ee1ee,ISBIYM4EB3CR,SA,"Appointment #500000000",PAY_BY_INSTALMENTS,949,SAR,approved,0,0,0,*********000,cust********mple.com,"2025-11-26 13:35:57","2025-11-26 13:49:23",ISBIYM4EB3CR,,6,,Naqi
4819cb3c-ec53-4699-8c02-3f416ca8b6b5,P0XBSP3OONY1,SA,"Appointment #500000000",PAY_BY_INSTALMENTS,695,SAR,approved,0,0,0,*********943,cust********mple.com,"2025-11-26 13:31:06","2025-11-26 13:32:42",P0XBSP3OONY1,,4,,Naqi
53fd1ada-ee9d-4de9-81f0-6f8794fd2be1,RFCMIIAWT1VO,SA,"Appointment #500000000",PAY_BY_INSTALMENTS,799,SAR,approved,0,0,0,*********739,cust********mple.com,"2025-11-26 13:28:38","2025-11-26 13:32:31",RFCMIIAWT1VO,,6,,Naqi
bf96491e-dd00-406d-8998-8f386767d59c,HEJZPPRUKYDE,SA,"Appointment #500000000",PAY_BY_INSTALMENTS,799,SAR,approved,0,0,0,*********940,cust********mple.com,"2025-11-26 13:18:43","2025-11-26 13:21:10",HEJZPPRUKYDE,,6,,Naqi
fcfdcb19-ed3e-4a0d-a553-4973480683db,ZE7SMDXVC0RZ,SA,"Appointment #500000000",PAY_BY_INSTALMENTS,1349,SAR,approved,0,0,0,*********916,cust********mple.com,"2025-11-26 13:05:13","2025-11-26 13:14:12",ZE7SMDXVC0RZ,,6,,Naqi
fabf941f-6275-4709-8395-ef4c4014f1eb,AHUB64CX9ZRU,SA,"Appointment #500000000",PAY_BY_INSTALMENTS,799,SAR,approved,0,0,0,*********874,cust********mple.com,"2025-11-26 12:40:48","2025-11-26 12:42:49",AHUB64CX9ZRU,,6,,Naqi
